Copyright 1986-2022 Xilinx, Inc. All Rights Reserved. Copyright 2022-2025 Advanced Micro Devices, Inc. All Rights Reserved.
---------------------------------------------------------------------------------------------------------------------------------------------
| Tool Version : Vivado v.2025.2 (win64) Build 6299465 Fri Nov 14 19:35:11 GMT 2025
| Date         : Fri Oct  9 13:40:29 2026
| Host         : LAPTOP-B0MBBP7J running 64-bit major release  (build 9200)
| Command      : report_timing_summary -delay_type min_max -max_paths 10 -file C:/temp/RV32I_Single_Cycle_Core/reports/core_timing.rpt
| Design       : rv32i_core
| Device       : 7a35t-cpg236
| Speed File   : -1  PRODUCTION 1.23 2018-06-13
| Design State : Synthesized
---------------------------------------------------------------------------------------------------------------------------------------------

Timing Summary Report

------------------------------------------------------------------------------------------------
| Timer Settings
| --------------
------------------------------------------------------------------------------------------------

  Enable Multi Corner Analysis               :  Yes
  Enable Pessimism Removal                   :  Yes
  Pessimism Removal Resolution               :  Nearest Common Node
  Enable Input Delay Default Clock           :  No
  Enable Preset / Clear Arcs                 :  No
  Disable Flight Delays                      :  No
  Ignore I/O Paths                           :  No
  Timing Early Launch at Borrowing Latches   :  No
  Borrow Time for Max Delay Exceptions       :  Yes
  Merge Timing Exceptions                    :  Yes
  Inter-SLR Compensation                     :  Conservative

  Corner  Analyze    Analyze    
  Name    Max Paths  Min Paths  
  ------  ---------  ---------  
  Slow    Yes        Yes        
  Fast    Yes        Yes        


------------------------------------------------------------------------------------------------
| Report Methodology
| ------------------
------------------------------------------------------------------------------------------------

No report available as report_methodology has not been run prior. Run report_methodology on the current design for the summary of methodology violations.



check_timing report

Table of Contents
-----------------
1. checking no_clock (0)
2. checking constant_clock (0)
3. checking pulse_width_clock (0)
4. checking unconstrained_internal_endpoints (0)
5. checking no_input_delay (1)
6. checking no_output_delay (156)
7. checking multiple_clock (0)
8. checking generated_clocks (0)
9. checking loops (0)
10. checking partial_input_delay (0)
11. checking partial_output_delay (0)
12. checking latch_loops (0)

1. checking no_clock (0)
------------------------
 There are 0 register/latch pins with no clock.


2. checking constant_clock (0)
------------------------------
 There are 0 register/latch pins with constant_clock.


3. checking pulse_width_clock (0)
---------------------------------
 There are 0 register/latch pins which need pulse_width check


4. checking unconstrained_internal_endpoints (0)
------------------------------------------------
 There are 0 pins that are not constrained for maximum delay.

 There are 0 pins that are not constrained for maximum delay due to constant clock.


5. checking no_input_delay (1)
------------------------------
 There is 1 input port with no input delay specified. (HIGH)

 There are 0 input ports with no input delay but user has a false path constraint.


6. checking no_output_delay (156)
---------------------------------
 There are 156 ports with no output delay specified. (HIGH)

 There are 0 ports with no output delay but user has a false path constraint

 There are 0 ports with no output delay but with a timing clock defined on it or propagating through it


7. checking multiple_clock (0)
------------------------------
 There are 0 register/latch pins with multiple clocks.


8. checking generated_clocks (0)
--------------------------------
 There are 0 generated clocks that are not connected to a clock source.


9. checking loops (0)
---------------------
 There are 0 combinational loops in the design.


10. checking partial_input_delay (0)
------------------------------------
 There are 0 input ports with partial input delay specified.


11. checking partial_output_delay (0)
-------------------------------------
 There are 0 ports with partial output delay specified.


12. checking latch_loops (0)
----------------------------
 There are 0 combinational latch loops in the design through latch input



------------------------------------------------------------------------------------------------
| Design Timing Summary
| ---------------------
------------------------------------------------------------------------------------------------

    WNS(ns)      TNS(ns)  TNS Failing Endpoints  TNS Total Endpoints      WHS(ns)      THS(ns)  THS Failing Endpoints  THS Total Endpoints     WPWS(ns)     TPWS(ns)  TPWS Failing Endpoints  TPWS Total Endpoints  
    -------      -------  ---------------------  -------------------      -------      -------  ---------------------  -------------------     --------     --------  ----------------------  --------------------  
      5.775        0.000                      0                 4640        0.417        0.000                      0                 4640        8.750        0.000                       0                  1312  


All user specified timing constraints are met.


------------------------------------------------------------------------------------------------
| Clock Summary
| -------------
------------------------------------------------------------------------------------------------

Clock  Waveform(ns)       Period(ns)      Frequency(MHz)
-----  ------------       ----------      --------------
clk    {0.000 10.000}     20.000          50.000          


------------------------------------------------------------------------------------------------
| Intra Clock Table
| -----------------
------------------------------------------------------------------------------------------------

Clock             WNS(ns)      TNS(ns)  TNS Failing Endpoints  TNS Total Endpoints      WHS(ns)      THS(ns)  THS Failing Endpoints  THS Total Endpoints     WPWS(ns)     TPWS(ns)  TPWS Failing Endpoints  TPWS Total Endpoints  
-----             -------      -------  ---------------------  -------------------      -------      -------  ---------------------  -------------------     --------     --------  ----------------------  --------------------  
clk                 5.775        0.000                      0                 4640        0.417        0.000                      0                 4640        8.750        0.000                       0                  1312  


------------------------------------------------------------------------------------------------
| Inter Clock Table
| -----------------
------------------------------------------------------------------------------------------------

From Clock    To Clock          WNS(ns)      TNS(ns)  TNS Failing Endpoints  TNS Total Endpoints      WHS(ns)      THS(ns)  THS Failing Endpoints  THS Total Endpoints  
----------    --------          -------      -------  ---------------------  -------------------      -------      -------  ---------------------  -------------------  


------------------------------------------------------------------------------------------------
| Other Path Groups Table
| -----------------------
------------------------------------------------------------------------------------------------

Path Group    From Clock    To Clock          WNS(ns)      TNS(ns)  TNS Failing Endpoints  TNS Total Endpoints      WHS(ns)      THS(ns)  THS Failing Endpoints  THS Total Endpoints  
----------    ----------    --------          -------      -------  ---------------------  -------------------      -------      -------  ---------------------  -------------------  


------------------------------------------------------------------------------------------------
| Timing Details
| --------------
------------------------------------------------------------------------------------------------


---------------------------------------------------------------------------------------------------
From Clock:  clk
  To Clock:  clk

Setup :            0  Failing Endpoints,  Worst Slack        5.775ns,  Total Violation        0.000ns
Hold  :            0  Failing Endpoints,  Worst Slack        0.417ns,  Total Violation        0.000ns
PW    :            0  Failing Endpoints,  Worst Slack        8.750ns,  Total Violation        0.000ns
---------------------------------------------------------------------------------------------------


Max Delay Paths
--------------------------------------------------------------------------------------
Slack (MET) :             5.775ns  (required time - arrival time)
  Source:                 u_pc_reg/pc_reg[18]/C
                            (rising edge-triggered cell FDCE clocked by clk  {rise@0.000ns fall@10.000ns period=20.000ns})
  Destination:            u_reg_file/regs_reg[0][10]/D
                            (rising edge-triggered cell FDCE clocked by clk  {rise@0.000ns fall@10.000ns period=20.000ns})
  Path Group:             clk
  Path Type:              Setup (Max at Slow Process Corner)
  Requirement:            20.000ns  (clk rise@20.000ns - clk rise@0.000ns)
  Data Path Delay:        14.170ns  (logic 4.404ns (31.080%)  route 9.766ns (68.920%))
  Logic Levels:           18  (CARRY4=2 LUT3=1 LUT4=1 LUT5=2 LUT6=8 MUXF7=2 MUXF8=1 RAMS64E=1)
  Clock Path Skew:        -0.049ns (DCD - SCD + CPR)
    Destination Clock Delay (DCD):    0.924ns = ( 20.924 - 20.000 ) 
    Source Clock Delay      (SCD):    0.973ns
    Clock Pessimism Removal (CPR):    0.000ns
  Clock Uncertainty:      0.035ns  ((TSJ^2 + TIJ^2)^1/2 + DJ) / 2 + PE
    Total System Jitter     (TSJ):    0.071ns
    Total Input Jitter      (TIJ):    0.000ns
    Discrete Jitter          (DJ):    0.000ns
    Phase Error              (PE):    0.000ns

    Location             Delay type                Incr(ns)  Path(ns)    Netlist Resource(s)
  -------------------------------------------------------------------    -------------------
                         (clock clk rise edge)        0.000     0.000 r  
                                                      0.000     0.000 r  clk (IN)
                         net (fo=1311, unset)         0.973     0.973    u_pc_reg/clk
                         FDCE                                         r  u_pc_reg/pc_reg[18]/C
  -------------------------------------------------------------------    -------------------
                         FDCE (Prop_fdce_C_Q)         0.456     1.429 f  u_pc_reg/pc_reg[18]/Q
                         net (fo=4, unplaced)         0.989     2.418    u_pc_reg/Q[18]
                         LUT6 (Prop_lut6_I0_O)        0.295     2.713 f  u_pc_reg/debug_instr[25]_INST_0_i_3/O
                         net (fo=1, unplaced)         1.111     3.824    u_pc_reg/debug_instr[25]_INST_0_i_3_n_0
                         LUT5 (Prop_lut5_I0_O)        0.124     3.948 f  u_pc_reg/debug_instr[25]_INST_0_i_2/O
                         net (fo=61, unplaced)        0.536     4.484    u_pc_reg/debug_instr[25]_INST_0_i_2_n_0
                         LUT6 (Prop_lut6_I5_O)        0.124     4.608 r  u_pc_reg/debug_instr[24]_INST_0/O
                         net (fo=88, unplaced)        0.545     5.153    u_reg_file/debug_instr[7]
                         LUT6 (Prop_lut6_I4_O)        0.124     5.277 r  u_reg_file/bank0_reg_0_255_1_1_i_9/O
                         net (fo=1, unplaced)         0.000     5.277    u_reg_file/bank0_reg_0_255_1_1_i_9_n_0
                         MUXF7 (Prop_muxf7_I1_O)      0.247     5.524 r  u_reg_file/bank0_reg_0_255_1_1_i_3/O
                         net (fo=1, unplaced)         0.905     6.429    u_reg_file/bank0_reg_0_255_1_1_i_3_n_0
                         LUT6 (Prop_lut6_I1_O)        0.298     6.727 r  u_reg_file/bank0_reg_0_255_1_1_i_1/O
                         net (fo=14, unplaced)        0.500     7.227    u_reg_file/pc_reg[5][1]
                         LUT4 (Prop_lut4_I0_O)        0.124     7.351 r  u_reg_file/result0_carry_i_7/O
                         net (fo=1, unplaced)         0.000     7.351    u_alu/S[1]
                         CARRY4 (Prop_carry4_S[1]_CO[3])
                                                      0.533     7.884 r  u_alu/result0_carry/CO[3]
                         net (fo=1, unplaced)         0.009     7.893    u_alu/result0_carry_n_0
                         CARRY4 (Prop_carry4_CI_O[1])
                                                      0.337     8.230 r  u_alu/result0_carry__0/O[1]
                         net (fo=3, unplaced)         0.629     8.859    u_alu/result0_carry__6_i_7[3]
                         LUT3 (Prop_lut3_I0_O)        0.306     9.165 r  u_alu/debug_alu_result[5]_INST_0/O
                         net (fo=192, unplaced)       0.866    10.031    u_dmem/bank2_reg_256_511_7_7/A3
                         RAMS64E (Prop_rams64e_ADR3_O)
                                                      0.276    10.307 r  u_dmem/bank2_reg_256_511_7_7/RAMS64E_C/O
                         net (fo=1, unplaced)         0.000    10.307    u_dmem/bank2_reg_256_511_7_7/OC
                         MUXF7 (Prop_muxf7_I1_O)      0.247    10.554 r  u_dmem/bank2_reg_256_511_7_7/F7.B/O
                         net (fo=1, unplaced)         0.000    10.554    u_dmem/bank2_reg_256_511_7_7/O0
                         MUXF8 (Prop_muxf8_I0_O)      0.098    10.652 r  u_dmem/bank2_reg_256_511_7_7/F8/O
                         net (fo=3, unplaced)         0.629    11.281    u_alu/regs[0][31]_i_18_1
                         LUT5 (Prop_lut5_I3_O)        0.319    11.600 r  u_alu/regs[0][31]_i_30/O
                         net (fo=1, unplaced)         1.111    12.711    u_alu/u_dmem/p_0_in[23]
                         LUT6 (Prop_lut6_I4_O)        0.124    12.835 r  u_alu/regs[0][31]_i_18/O
                         net (fo=1, unplaced)         0.902    13.737    u_alu/regs[0][31]_i_18_n_0
                         LUT6 (Prop_lut6_I2_O)        0.124    13.861 r  u_alu/regs[0][31]_i_12/O
                         net (fo=25, unplaced)        0.514    14.375    u_pc_reg/regs_reg[1][27]_0
                         LUT6 (Prop_lut6_I3_O)        0.124    14.499 r  u_pc_reg/regs[0][10]_i_2/O
                         net (fo=32, unplaced)        0.520    15.019    u_pc_reg/regs[0][10]_i_2_n_0
                         LUT6 (Prop_lut6_I5_O)        0.124    15.143 r  u_pc_reg/regs[0][10]_i_1/O
                         net (fo=1, unplaced)         0.000    15.143    u_reg_file/D[10]
                         FDCE                                         r  u_reg_file/regs_reg[0][10]/D
  -------------------------------------------------------------------    -------------------

                         (clock clk rise edge)       20.000    20.000 r  
                                                      0.000    20.000 r  clk (IN)
                         net (fo=1311, unset)         0.924    20.924    u_reg_file/clk
                         FDCE                                         r  u_reg_file/regs_reg[0][10]/C
                         clock pessimism              0.000    20.924    
                         clock uncertainty           -0.035    20.889    
                         FDCE (Setup_fdce_C_D)        0.029    20.918    u_reg_file/regs_reg[0][10]
  -------------------------------------------------------------------
                         required time                         20.918    
                         arrival time                         -15.143    
  -------------------------------------------------------------------
                         slack                                  5.775    

Slack (MET) :             5.775ns  (required time - arrival time)
  Source:                 u_pc_reg/pc_reg[18]/C
                            (rising edge-triggered cell FDCE clocked by clk  {rise@0.000ns fall@10.000ns period=20.000ns})
  Destination:            u_reg_file/regs_reg[0][14]/D
                            (rising edge-triggered cell FDCE clocked by clk  {rise@0.000ns fall@10.000ns period=20.000ns})
  Path Group:             clk
  Path Type:              Setup (Max at Slow Process Corner)
  Requirement:            20.000ns  (clk rise@20.000ns - clk rise@0.000ns)
  Data Path Delay:        14.170ns  (logic 4.404ns (31.080%)  route 9.766ns (68.920%))
  Logic Levels:           18  (CARRY4=2 LUT3=1 LUT4=1 LUT5=2 LUT6=8 MUXF7=2 MUXF8=1 RAMS64E=1)
  Clock Path Skew:        -0.049ns (DCD - SCD + CPR)
    Destination Clock Delay (DCD):    0.924ns = ( 20.924 - 20.000 ) 
    Source Clock Delay      (SCD):    0.973ns
    Clock Pessimism Removal (CPR):    0.000ns
  Clock Uncertainty:      0.035ns  ((TSJ^2 + TIJ^2)^1/2 + DJ) / 2 + PE
    Total System Jitter     (TSJ):    0.071ns
    Total Input Jitter      (TIJ):    0.000ns
    Discrete Jitter          (DJ):    0.000ns
    Phase Error              (PE):    0.000ns

    Location             Delay type                Incr(ns)  Path(ns)    Netlist Resource(s)
  -------------------------------------------------------------------    -------------------
                         (clock clk rise edge)        0.000     0.000 r  
                                                      0.000     0.000 r  clk (IN)
                         net (fo=1311, unset)         0.973     0.973    u_pc_reg/clk
                         FDCE                                         r  u_pc_reg/pc_reg[18]/C
  -------------------------------------------------------------------    -------------------
                         FDCE (Prop_fdce_C_Q)         0.456     1.429 f  u_pc_reg/pc_reg[18]/Q
                         net (fo=4, unplaced)         0.989     2.418    u_pc_reg/Q[18]
                         LUT6 (Prop_lut6_I0_O)        0.295     2.713 f  u_pc_reg/debug_instr[25]_INST_0_i_3/O
                         net (fo=1, unplaced)         1.111     3.824    u_pc_reg/debug_instr[25]_INST_0_i_3_n_0
                         LUT5 (Prop_lut5_I0_O)        0.124     3.948 f  u_pc_reg/debug_instr[25]_INST_0_i_2/O
                         net (fo=61, unplaced)        0.536     4.484    u_pc_reg/debug_instr[25]_INST_0_i_2_n_0
                         LUT6 (Prop_lut6_I5_O)        0.124     4.608 r  u_pc_reg/debug_instr[24]_INST_0/O
                         net (fo=88, unplaced)        0.545     5.153    u_reg_file/debug_instr[7]
                         LUT6 (Prop_lut6_I4_O)        0.124     5.277 r  u_reg_file/bank0_reg_0_255_1_1_i_9/O
                         net (fo=1, unplaced)         0.000     5.277    u_reg_file/bank0_reg_0_255_1_1_i_9_n_0
                         MUXF7 (Prop_muxf7_I1_O)      0.247     5.524 r  u_reg_file/bank0_reg_0_255_1_1_i_3/O
                         net (fo=1, unplaced)         0.905     6.429    u_reg_file/bank0_reg_0_255_1_1_i_3_n_0
                         LUT6 (Prop_lut6_I1_O)        0.298     6.727 r  u_reg_file/bank0_reg_0_255_1_1_i_1/O
                         net (fo=14, unplaced)        0.500     7.227    u_reg_file/pc_reg[5][1]
                         LUT4 (Prop_lut4_I0_O)        0.124     7.351 r  u_reg_file/result0_carry_i_7/O
                         net (fo=1, unplaced)         0.000     7.351    u_alu/S[1]
                         CARRY4 (Prop_carry4_S[1]_CO[3])
                                                      0.533     7.884 r  u_alu/result0_carry/CO[3]
                         net (fo=1, unplaced)         0.009     7.893    u_alu/result0_carry_n_0
                         CARRY4 (Prop_carry4_CI_O[1])
                                                      0.337     8.230 r  u_alu/result0_carry__0/O[1]
                         net (fo=3, unplaced)         0.629     8.859    u_alu/result0_carry__6_i_7[3]
                         LUT3 (Prop_lut3_I0_O)        0.306     9.165 r  u_alu/debug_alu_result[5]_INST_0/O
                         net (fo=192, unplaced)       0.866    10.031    u_dmem/bank2_reg_256_511_7_7/A3
                         RAMS64E (Prop_rams64e_ADR3_O)
                                                      0.276    10.307 r  u_dmem/bank2_reg_256_511_7_7/RAMS64E_C/O
                         net (fo=1, unplaced)         0.000    10.307    u_dmem/bank2_reg_256_511_7_7/OC
                         MUXF7 (Prop_muxf7_I1_O)      0.247    10.554 r  u_dmem/bank2_reg_256_511_7_7/F7.B/O
                         net (fo=1, unplaced)         0.000    10.554    u_dmem/bank2_reg_256_511_7_7/O0
                         MUXF8 (Prop_muxf8_I0_O)      0.098    10.652 r  u_dmem/bank2_reg_256_511_7_7/F8/O
                         net (fo=3, unplaced)         0.629    11.281    u_alu/regs[0][31]_i_18_1
                         LUT5 (Prop_lut5_I3_O)        0.319    11.600 r  u_alu/regs[0][31]_i_30/O
                         net (fo=1, unplaced)         1.111    12.711    u_alu/u_dmem/p_0_in[23]
                         LUT6 (Prop_lut6_I4_O)        0.124    12.835 r  u_alu/regs[0][31]_i_18/O
                         net (fo=1, unplaced)         0.902    13.737    u_alu/regs[0][31]_i_18_n_0
                         LUT6 (Prop_lut6_I2_O)        0.124    13.861 r  u_alu/regs[0][31]_i_12/O
                         net (fo=25, unplaced)        0.514    14.375    u_pc_reg/regs_reg[1][27]_0
                         LUT6 (Prop_lut6_I3_O)        0.124    14.499 r  u_pc_reg/regs[0][14]_i_2/O
                         net (fo=32, unplaced)        0.520    15.019    u_pc_reg/regs[0][14]_i_2_n_0
                         LUT6 (Prop_lut6_I5_O)        0.124    15.143 r  u_pc_reg/regs[0][14]_i_1/O
                         net (fo=1, unplaced)         0.000    15.143    u_reg_file/D[14]
                         FDCE                                         r  u_reg_file/regs_reg[0][14]/D
  -------------------------------------------------------------------    -------------------

                         (clock clk rise edge)       20.000    20.000 r  
                                                      0.000    20.000 r  clk (IN)
                         net (fo=1311, unset)         0.924    20.924    u_reg_file/clk
                         FDCE                                         r  u_reg_file/regs_reg[0][14]/C
                         clock pessimism              0.000    20.924    
                         clock uncertainty           -0.035    20.889    
                         FDCE (Setup_fdce_C_D)        0.029    20.918    u_reg_file/regs_reg[0][14]
  -------------------------------------------------------------------
                         required time                         20.918    
                         arrival time                         -15.143    
  -------------------------------------------------------------------
                         slack                                  5.775    

Slack (MET) :             5.775ns  (required time - arrival time)
  Source:                 u_pc_reg/pc_reg[18]/C
                            (rising edge-triggered cell FDCE clocked by clk  {rise@0.000ns fall@10.000ns period=20.000ns})
  Destination:            u_reg_file/regs_reg[0][31]/D
                            (rising edge-triggered cell FDCE clocked by clk  {rise@0.000ns fall@10.000ns period=20.000ns})
  Path Group:             clk
  Path Type:              Setup (Max at Slow Process Corner)
  Requirement:            20.000ns  (clk rise@20.000ns - clk rise@0.000ns)
  Data Path Delay:        14.170ns  (logic 4.404ns (31.080%)  route 9.766ns (68.920%))
  Logic Levels:           18  (CARRY4=2 LUT3=1 LUT4=1 LUT5=2 LUT6=8 MUXF7=2 MUXF8=1 RAMS64E=1)
  Clock Path Skew:        -0.049ns (DCD - SCD + CPR)
    Destination Clock Delay (DCD):    0.924ns = ( 20.924 - 20.000 ) 
    Source Clock Delay      (SCD):    0.973ns
    Clock Pessimism Removal (CPR):    0.000ns
  Clock Uncertainty:      0.035ns  ((TSJ^2 + TIJ^2)^1/2 + DJ) / 2 + PE
    Total System Jitter     (TSJ):    0.071ns
    Total Input Jitter      (TIJ):    0.000ns
    Discrete Jitter          (DJ):    0.000ns
    Phase Error              (PE):    0.000ns

    Location             Delay type                Incr(ns)  Path(ns)    Netlist Resource(s)
  -------------------------------------------------------------------    -------------------
                         (clock clk rise edge)        0.000     0.000 r  
                                                      0.000     0.000 r  clk (IN)
                         net (fo=1311, unset)         0.973     0.973    u_pc_reg/clk
                         FDCE                                         r  u_pc_reg/pc_reg[18]/C
  -------------------------------------------------------------------    -------------------
                         FDCE (Prop_fdce_C_Q)         0.456     1.429 f  u_pc_reg/pc_reg[18]/Q
                         net (fo=4, unplaced)         0.989     2.418    u_pc_reg/Q[18]
                         LUT6 (Prop_lut6_I0_O)        0.295     2.713 f  u_pc_reg/debug_instr[25]_INST_0_i_3/O
                         net (fo=1, unplaced)         1.111     3.824    u_pc_reg/debug_instr[25]_INST_0_i_3_n_0
                         LUT5 (Prop_lut5_I0_O)        0.124     3.948 f  u_pc_reg/debug_instr[25]_INST_0_i_2/O
                         net (fo=61, unplaced)        0.536     4.484    u_pc_reg/debug_instr[25]_INST_0_i_2_n_0
                         LUT6 (Prop_lut6_I5_O)        0.124     4.608 r  u_pc_reg/debug_instr[24]_INST_0/O
                         net (fo=88, unplaced)        0.545     5.153    u_reg_file/debug_instr[7]
                         LUT6 (Prop_lut6_I4_O)        0.124     5.277 r  u_reg_file/bank0_reg_0_255_1_1_i_9/O
                         net (fo=1, unplaced)         0.000     5.277    u_reg_file/bank0_reg_0_255_1_1_i_9_n_0
                         MUXF7 (Prop_muxf7_I1_O)      0.247     5.524 r  u_reg_file/bank0_reg_0_255_1_1_i_3/O
                         net (fo=1, unplaced)         0.905     6.429    u_reg_file/bank0_reg_0_255_1_1_i_3_n_0
                         LUT6 (Prop_lut6_I1_O)        0.298     6.727 r  u_reg_file/bank0_reg_0_255_1_1_i_1/O
                         net (fo=14, unplaced)        0.500     7.227    u_reg_file/pc_reg[5][1]
                         LUT4 (Prop_lut4_I0_O)        0.124     7.351 r  u_reg_file/result0_carry_i_7/O
                         net (fo=1, unplaced)         0.000     7.351    u_alu/S[1]
                         CARRY4 (Prop_carry4_S[1]_CO[3])
                                                      0.533     7.884 r  u_alu/result0_carry/CO[3]
                         net (fo=1, unplaced)         0.009     7.893    u_alu/result0_carry_n_0
                         CARRY4 (Prop_carry4_CI_O[1])
                                                      0.337     8.230 r  u_alu/result0_carry__0/O[1]
                         net (fo=3, unplaced)         0.629     8.859    u_alu/result0_carry__6_i_7[3]
                         LUT3 (Prop_lut3_I0_O)        0.306     9.165 r  u_alu/debug_alu_result[5]_INST_0/O
                         net (fo=192, unplaced)       0.866    10.031    u_dmem/bank2_reg_256_511_7_7/A3
                         RAMS64E (Prop_rams64e_ADR3_O)
                                                      0.276    10.307 r  u_dmem/bank2_reg_256_511_7_7/RAMS64E_C/O
                         net (fo=1, unplaced)         0.000    10.307    u_dmem/bank2_reg_256_511_7_7/OC
                         MUXF7 (Prop_muxf7_I1_O)      0.247    10.554 r  u_dmem/bank2_reg_256_511_7_7/F7.B/O
                         net (fo=1, unplaced)         0.000    10.554    u_dmem/bank2_reg_256_511_7_7/O0
                         MUXF8 (Prop_muxf8_I0_O)      0.098    10.652 r  u_dmem/bank2_reg_256_511_7_7/F8/O
                         net (fo=3, unplaced)         0.629    11.281    u_alu/regs[0][31]_i_18_1
                         LUT5 (Prop_lut5_I3_O)        0.319    11.600 r  u_alu/regs[0][31]_i_30/O
                         net (fo=1, unplaced)         1.111    12.711    u_alu/u_dmem/p_0_in[23]
                         LUT6 (Prop_lut6_I4_O)        0.124    12.835 r  u_alu/regs[0][31]_i_18/O
                         net (fo=1, unplaced)         0.902    13.737    u_alu/regs[0][31]_i_18_n_0
                         LUT6 (Prop_lut6_I2_O)        0.124    13.861 r  u_alu/regs[0][31]_i_12/O
                         net (fo=25, unplaced)        0.514    14.375    u_pc_reg/regs_reg[1][27]_0
                         LUT6 (Prop_lut6_I3_O)        0.124    14.499 r  u_pc_reg/regs[0][31]_i_8/O
                         net (fo=32, unplaced)        0.520    15.019    u_pc_reg/regs[0][31]_i_8_n_0
                         LUT6 (Prop_lut6_I5_O)        0.124    15.143 r  u_pc_reg/regs[0][31]_i_2/O
                         net (fo=1, unplaced)         0.000    15.143    u_reg_file/D[31]
                         FDCE                                         r  u_reg_file/regs_reg[0][31]/D
  -------------------------------------------------------------------    -------------------

                         (clock clk rise edge)       20.000    20.000 r  
                                                      0.000    20.000 r  clk (IN)
                         net (fo=1311, unset)         0.924    20.924    u_reg_file/clk
                         FDCE                                         r  u_reg_file/regs_reg[0][31]/C
                         clock pessimism              0.000    20.924    
                         clock uncertainty           -0.035    20.889    
                         FDCE (Setup_fdce_C_D)        0.029    20.918    u_reg_file/regs_reg[0][31]
  -------------------------------------------------------------------
                         required time                         20.918    
                         arrival time                         -15.143    
  -------------------------------------------------------------------
                         slack                                  5.775    

Slack (MET) :             5.775ns  (required time - arrival time)
  Source:                 u_pc_reg/pc_reg[18]/C
                            (rising edge-triggered cell FDCE clocked by clk  {rise@0.000ns fall@10.000ns period=20.000ns})
  Destination:            u_reg_file/regs_reg[0][7]/D
                            (rising edge-triggered cell FDCE clocked by clk  {rise@0.000ns fall@10.000ns period=20.000ns})
  Path Group:             clk
  Path Type:              Setup (Max at Slow Process Corner)
  Requirement:            20.000ns  (clk rise@20.000ns - clk rise@0.000ns)
  Data Path Delay:        14.170ns  (logic 4.404ns (31.080%)  route 9.766ns (68.920%))
  Logic Levels:           18  (CARRY4=2 LUT3=1 LUT4=1 LUT5=2 LUT6=8 MUXF7=2 MUXF8=1 RAMS64E=1)
  Clock Path Skew:        -0.049ns (DCD - SCD + CPR)
    Destination Clock Delay (DCD):    0.924ns = ( 20.924 - 20.000 ) 
    Source Clock Delay      (SCD):    0.973ns
    Clock Pessimism Removal (CPR):    0.000ns
  Clock Uncertainty:      0.035ns  ((TSJ^2 + TIJ^2)^1/2 + DJ) / 2 + PE
    Total System Jitter     (TSJ):    0.071ns
    Total Input Jitter      (TIJ):    0.000ns
    Discrete Jitter          (DJ):    0.000ns
    Phase Error              (PE):    0.000ns

    Location             Delay type                Incr(ns)  Path(ns)    Netlist Resource(s)
  -------------------------------------------------------------------    -------------------
                         (clock clk rise edge)        0.000     0.000 r  
                                                      0.000     0.000 r  clk (IN)
                         net (fo=1311, unset)         0.973     0.973    u_pc_reg/clk
                         FDCE                                         r  u_pc_reg/pc_reg[18]/C
  -------------------------------------------------------------------    -------------------
                         FDCE (Prop_fdce_C_Q)         0.456     1.429 f  u_pc_reg/pc_reg[18]/Q
                         net (fo=4, unplaced)         0.989     2.418    u_pc_reg/Q[18]
                         LUT6 (Prop_lut6_I0_O)        0.295     2.713 f  u_pc_reg/debug_instr[25]_INST_0_i_3/O
                         net (fo=1, unplaced)         1.111     3.824    u_pc_reg/debug_instr[25]_INST_0_i_3_n_0
                         LUT5 (Prop_lut5_I0_O)        0.124     3.948 f  u_pc_reg/debug_instr[25]_INST_0_i_2/O
                         net (fo=61, unplaced)        0.536     4.484    u_pc_reg/debug_instr[25]_INST_0_i_2_n_0
                         LUT6 (Prop_lut6_I5_O)        0.124     4.608 r  u_pc_reg/debug_instr[24]_INST_0/O
                         net (fo=88, unplaced)        0.545     5.153    u_reg_file/debug_instr[7]
                         LUT6 (Prop_lut6_I4_O)        0.124     5.277 r  u_reg_file/bank0_reg_0_255_1_1_i_9/O
                         net (fo=1, unplaced)         0.000     5.277    u_reg_file/bank0_reg_0_255_1_1_i_9_n_0
                         MUXF7 (Prop_muxf7_I1_O)      0.247     5.524 r  u_reg_file/bank0_reg_0_255_1_1_i_3/O
                         net (fo=1, unplaced)         0.905     6.429    u_reg_file/bank0_reg_0_255_1_1_i_3_n_0
                         LUT6 (Prop_lut6_I1_O)        0.298     6.727 r  u_reg_file/bank0_reg_0_255_1_1_i_1/O
                         net (fo=14, unplaced)        0.500     7.227    u_reg_file/pc_reg[5][1]
                         LUT4 (Prop_lut4_I0_O)        0.124     7.351 r  u_reg_file/result0_carry_i_7/O
                         net (fo=1, unplaced)         0.000     7.351    u_alu/S[1]
                         CARRY4 (Prop_carry4_S[1]_CO[3])
                                                      0.533     7.884 r  u_alu/result0_carry/CO[3]
                         net (fo=1, unplaced)         0.009     7.893    u_alu/result0_carry_n_0
                         CARRY4 (Prop_carry4_CI_O[1])
                                                      0.337     8.230 r  u_alu/result0_carry__0/O[1]
                         net (fo=3, unplaced)         0.629     8.859    u_alu/result0_carry__6_i_7[3]
                         LUT3 (Prop_lut3_I0_O)        0.306     9.165 r  u_alu/debug_alu_result[5]_INST_0/O
                         net (fo=192, unplaced)       0.866    10.031    u_dmem/bank2_reg_256_511_7_7/A3
                         RAMS64E (Prop_rams64e_ADR3_O)
                                                      0.276    10.307 r  u_dmem/bank2_reg_256_511_7_7/RAMS64E_C/O
                         net (fo=1, unplaced)         0.000    10.307    u_dmem/bank2_reg_256_511_7_7/OC
                         MUXF7 (Prop_muxf7_I1_O)      0.247    10.554 r  u_dmem/bank2_reg_256_511_7_7/F7.B/O
                         net (fo=1, unplaced)         0.000    10.554    u_dmem/bank2_reg_256_511_7_7/O0
                         MUXF8 (Prop_muxf8_I0_O)      0.098    10.652 r  u_dmem/bank2_reg_256_511_7_7/F8/O
                         net (fo=3, unplaced)         0.629    11.281    u_alu/regs[0][31]_i_18_1
                         LUT5 (Prop_lut5_I3_O)        0.319    11.600 r  u_alu/regs[0][31]_i_30/O
                         net (fo=1, unplaced)         1.111    12.711    u_alu/u_dmem/p_0_in[23]
                         LUT6 (Prop_lut6_I4_O)        0.124    12.835 r  u_alu/regs[0][31]_i_18/O
                         net (fo=1, unplaced)         0.902    13.737    u_alu/regs[0][31]_i_18_n_0
                         LUT6 (Prop_lut6_I2_O)        0.124    13.861 r  u_alu/regs[0][31]_i_12/O
                         net (fo=25, unplaced)        0.514    14.375    u_pc_reg/regs_reg[1][27]_0
                         LUT6 (Prop_lut6_I4_O)        0.124    14.499 r  u_pc_reg/regs[0][7]_i_2/O
                         net (fo=32, unplaced)        0.520    15.019    u_pc_reg/regs[0][7]_i_2_n_0
                         LUT6 (Prop_lut6_I5_O)        0.124    15.143 r  u_pc_reg/regs[0][7]_i_1/O
                         net (fo=1, unplaced)         0.000    15.143    u_reg_file/D[7]
                         FDCE                                         r  u_reg_file/regs_reg[0][7]/D
  -------------------------------------------------------------------    -------------------

                         (clock clk rise edge)       20.000    20.000 r  
                                                      0.000    20.000 r  clk (IN)
                         net (fo=1311, unset)         0.924    20.924    u_reg_file/clk
                         FDCE                                         r  u_reg_file/regs_reg[0][7]/C
                         clock pessimism              0.000    20.924    
                         clock uncertainty           -0.035    20.889    
                         FDCE (Setup_fdce_C_D)        0.029    20.918    u_reg_file/regs_reg[0][7]
  -------------------------------------------------------------------
                         required time                         20.918    
                         arrival time                         -15.143    
  -------------------------------------------------------------------
                         slack                                  5.775    

Slack (MET) :             5.775ns  (required time - arrival time)
  Source:                 u_pc_reg/pc_reg[18]/C
                            (rising edge-triggered cell FDCE clocked by clk  {rise@0.000ns fall@10.000ns period=20.000ns})
  Destination:            u_reg_file/regs_reg[0][8]/D
                            (rising edge-triggered cell FDCE clocked by clk  {rise@0.000ns fall@10.000ns period=20.000ns})
  Path Group:             clk
  Path Type:              Setup (Max at Slow Process Corner)
  Requirement:            20.000ns  (clk rise@20.000ns - clk rise@0.000ns)
  Data Path Delay:        14.170ns  (logic 4.404ns (31.080%)  route 9.766ns (68.920%))
  Logic Levels:           18  (CARRY4=2 LUT3=1 LUT4=1 LUT5=2 LUT6=8 MUXF7=2 MUXF8=1 RAMS64E=1)
  Clock Path Skew:        -0.049ns (DCD - SCD + CPR)
    Destination Clock Delay (DCD):    0.924ns = ( 20.924 - 20.000 ) 
    Source Clock Delay      (SCD):    0.973ns
    Clock Pessimism Removal (CPR):    0.000ns
  Clock Uncertainty:      0.035ns  ((TSJ^2 + TIJ^2)^1/2 + DJ) / 2 + PE
    Total System Jitter     (TSJ):    0.071ns
    Total Input Jitter      (TIJ):    0.000ns
    Discrete Jitter          (DJ):    0.000ns
    Phase Error              (PE):    0.000ns

    Location             Delay type                Incr(ns)  Path(ns)    Netlist Resource(s)
  -------------------------------------------------------------------    -------------------
                         (clock clk rise edge)        0.000     0.000 r  
                                                      0.000     0.000 r  clk (IN)
                         net (fo=1311, unset)         0.973     0.973    u_pc_reg/clk
                         FDCE                                         r  u_pc_reg/pc_reg[18]/C
  -------------------------------------------------------------------    -------------------
                         FDCE (Prop_fdce_C_Q)         0.456     1.429 f  u_pc_reg/pc_reg[18]/Q
                         net (fo=4, unplaced)         0.989     2.418    u_pc_reg/Q[18]
                         LUT6 (Prop_lut6_I0_O)        0.295     2.713 f  u_pc_reg/debug_instr[25]_INST_0_i_3/O
                         net (fo=1, unplaced)         1.111     3.824    u_pc_reg/debug_instr[25]_INST_0_i_3_n_0
                         LUT5 (Prop_lut5_I0_O)        0.124     3.948 f  u_pc_reg/debug_instr[25]_INST_0_i_2/O
                         net (fo=61, unplaced)        0.536     4.484    u_pc_reg/debug_instr[25]_INST_0_i_2_n_0
                         LUT6 (Prop_lut6_I5_O)        0.124     4.608 r  u_pc_reg/debug_instr[24]_INST_0/O
                         net (fo=88, unplaced)        0.545     5.153    u_reg_file/debug_instr[7]
                         LUT6 (Prop_lut6_I4_O)        0.124     5.277 r  u_reg_file/bank0_reg_0_255_1_1_i_9/O
                         net (fo=1, unplaced)         0.000     5.277    u_reg_file/bank0_reg_0_255_1_1_i_9_n_0
                         MUXF7 (Prop_muxf7_I1_O)      0.247     5.524 r  u_reg_file/bank0_reg_0_255_1_1_i_3/O
                         net (fo=1, unplaced)         0.905     6.429    u_reg_file/bank0_reg_0_255_1_1_i_3_n_0
                         LUT6 (Prop_lut6_I1_O)        0.298     6.727 r  u_reg_file/bank0_reg_0_255_1_1_i_1/O
                         net (fo=14, unplaced)        0.500     7.227    u_reg_file/pc_reg[5][1]
                         LUT4 (Prop_lut4_I0_O)        0.124     7.351 r  u_reg_file/result0_carry_i_7/O
                         net (fo=1, unplaced)         0.000     7.351    u_alu/S[1]
                         CARRY4 (Prop_carry4_S[1]_CO[3])
                                                      0.533     7.884 r  u_alu/result0_carry/CO[3]
                         net (fo=1, unplaced)         0.009     7.893    u_alu/result0_carry_n_0
                         CARRY4 (Prop_carry4_CI_O[1])
                                                      0.337     8.230 r  u_alu/result0_carry__0/O[1]
                         net (fo=3, unplaced)         0.629     8.859    u_alu/result0_carry__6_i_7[3]
                         LUT3 (Prop_lut3_I0_O)        0.306     9.165 r  u_alu/debug_alu_result[5]_INST_0/O
                         net (fo=192, unplaced)       0.866    10.031    u_dmem/bank2_reg_256_511_7_7/A3
                         RAMS64E (Prop_rams64e_ADR3_O)
                                                      0.276    10.307 r  u_dmem/bank2_reg_256_511_7_7/RAMS64E_C/O
                         net (fo=1, unplaced)         0.000    10.307    u_dmem/bank2_reg_256_511_7_7/OC
                         MUXF7 (Prop_muxf7_I1_O)      0.247    10.554 r  u_dmem/bank2_reg_256_511_7_7/F7.B/O
                         net (fo=1, unplaced)         0.000    10.554    u_dmem/bank2_reg_256_511_7_7/O0
                         MUXF8 (Prop_muxf8_I0_O)      0.098    10.652 r  u_dmem/bank2_reg_256_511_7_7/F8/O
                         net (fo=3, unplaced)         0.629    11.281    u_alu/regs[0][31]_i_18_1
                         LUT5 (Prop_lut5_I3_O)        0.319    11.600 r  u_alu/regs[0][31]_i_30/O
                         net (fo=1, unplaced)         1.111    12.711    u_alu/u_dmem/p_0_in[23]
                         LUT6 (Prop_lut6_I4_O)        0.124    12.835 r  u_alu/regs[0][31]_i_18/O
                         net (fo=1, unplaced)         0.902    13.737    u_alu/regs[0][31]_i_18_n_0
                         LUT6 (Prop_lut6_I2_O)        0.124    13.861 r  u_alu/regs[0][31]_i_12/O
                         net (fo=25, unplaced)        0.514    14.375    u_pc_reg/regs_reg[1][27]_0
                         LUT6 (Prop_lut6_I3_O)        0.124    14.499 r  u_pc_reg/regs[0][8]_i_2/O
                         net (fo=32, unplaced)        0.520    15.019    u_pc_reg/regs[0][8]_i_2_n_0
                         LUT6 (Prop_lut6_I5_O)        0.124    15.143 r  u_pc_reg/regs[0][8]_i_1/O
                         net (fo=1, unplaced)         0.000    15.143    u_reg_file/D[8]
                         FDCE                                         r  u_reg_file/regs_reg[0][8]/D
  -------------------------------------------------------------------    -------------------

                         (clock clk rise edge)       20.000    20.000 r  
                                                      0.000    20.000 r  clk (IN)
                         net (fo=1311, unset)         0.924    20.924    u_reg_file/clk
                         FDCE                                         r  u_reg_file/regs_reg[0][8]/C
                         clock pessimism              0.000    20.924    
                         clock uncertainty           -0.035    20.889    
                         FDCE (Setup_fdce_C_D)        0.029    20.918    u_reg_file/regs_reg[0][8]
  -------------------------------------------------------------------
                         required time                         20.918    
                         arrival time                         -15.143    
  -------------------------------------------------------------------
                         slack                                  5.775    

Slack (MET) :             5.775ns  (required time - arrival time)
  Source:                 u_pc_reg/pc_reg[18]/C
                            (rising edge-triggered cell FDCE clocked by clk  {rise@0.000ns fall@10.000ns period=20.000ns})
  Destination:            u_reg_file/regs_reg[0][9]/D
                            (rising edge-triggered cell FDCE clocked by clk  {rise@0.000ns fall@10.000ns period=20.000ns})
  Path Group:             clk
  Path Type:              Setup (Max at Slow Process Corner)
  Requirement:            20.000ns  (clk rise@20.000ns - clk rise@0.000ns)
  Data Path Delay:        14.170ns  (logic 4.404ns (31.080%)  route 9.766ns (68.920%))
  Logic Levels:           18  (CARRY4=2 LUT3=1 LUT4=1 LUT5=2 LUT6=8 MUXF7=2 MUXF8=1 RAMS64E=1)
  Clock Path Skew:        -0.049ns (DCD - SCD + CPR)
    Destination Clock Delay (DCD):    0.924ns = ( 20.924 - 20.000 ) 
    Source Clock Delay      (SCD):    0.973ns
    Clock Pessimism Removal (CPR):    0.000ns
  Clock Uncertainty:      0.035ns  ((TSJ^2 + TIJ^2)^1/2 + DJ) / 2 + PE
    Total System Jitter     (TSJ):    0.071ns
    Total Input Jitter      (TIJ):    0.000ns
    Discrete Jitter          (DJ):    0.000ns
    Phase Error              (PE):    0.000ns

    Location             Delay type                Incr(ns)  Path(ns)    Netlist Resource(s)
  -------------------------------------------------------------------    -------------------
                         (clock clk rise edge)        0.000     0.000 r  
                                                      0.000     0.000 r  clk (IN)
                         net (fo=1311, unset)         0.973     0.973    u_pc_reg/clk
                         FDCE                                         r  u_pc_reg/pc_reg[18]/C
  -------------------------------------------------------------------    -------------------
                         FDCE (Prop_fdce_C_Q)         0.456     1.429 f  u_pc_reg/pc_reg[18]/Q
                         net (fo=4, unplaced)         0.989     2.418    u_pc_reg/Q[18]
                         LUT6 (Prop_lut6_I0_O)        0.295     2.713 f  u_pc_reg/debug_instr[25]_INST_0_i_3/O
                         net (fo=1, unplaced)         1.111     3.824    u_pc_reg/debug_instr[25]_INST_0_i_3_n_0
                         LUT5 (Prop_lut5_I0_O)        0.124     3.948 f  u_pc_reg/debug_instr[25]_INST_0_i_2/O
                         net (fo=61, unplaced)        0.536     4.484    u_pc_reg/debug_instr[25]_INST_0_i_2_n_0
                         LUT6 (Prop_lut6_I5_O)        0.124     4.608 r  u_pc_reg/debug_instr[24]_INST_0/O
                         net (fo=88, unplaced)        0.545     5.153    u_reg_file/debug_instr[7]
                         LUT6 (Prop_lut6_I4_O)        0.124     5.277 r  u_reg_file/bank0_reg_0_255_1_1_i_9/O
                         net (fo=1, unplaced)         0.000     5.277    u_reg_file/bank0_reg_0_255_1_1_i_9_n_0
                         MUXF7 (Prop_muxf7_I1_O)      0.247     5.524 r  u_reg_file/bank0_reg_0_255_1_1_i_3/O
                         net (fo=1, unplaced)         0.905     6.429    u_reg_file/bank0_reg_0_255_1_1_i_3_n_0
                         LUT6 (Prop_lut6_I1_O)        0.298     6.727 r  u_reg_file/bank0_reg_0_255_1_1_i_1/O
                         net (fo=14, unplaced)        0.500     7.227    u_reg_file/pc_reg[5][1]
                         LUT4 (Prop_lut4_I0_O)        0.124     7.351 r  u_reg_file/result0_carry_i_7/O
                         net (fo=1, unplaced)         0.000     7.351    u_alu/S[1]
                         CARRY4 (Prop_carry4_S[1]_CO[3])
                                                      0.533     7.884 r  u_alu/result0_carry/CO[3]
                         net (fo=1, unplaced)         0.009     7.893    u_alu/result0_carry_n_0
                         CARRY4 (Prop_carry4_CI_O[1])
                                                      0.337     8.230 r  u_alu/result0_carry__0/O[1]
                         net (fo=3, unplaced)         0.629     8.859    u_alu/result0_carry__6_i_7[3]
                         LUT3 (Prop_lut3_I0_O)        0.306     9.165 r  u_alu/debug_alu_result[5]_INST_0/O
                         net (fo=192, unplaced)       0.866    10.031    u_dmem/bank2_reg_256_511_7_7/A3
                         RAMS64E (Prop_rams64e_ADR3_O)
                                                      0.276    10.307 r  u_dmem/bank2_reg_256_511_7_7/RAMS64E_C/O
                         net (fo=1, unplaced)         0.000    10.307    u_dmem/bank2_reg_256_511_7_7/OC
                         MUXF7 (Prop_muxf7_I1_O)      0.247    10.554 r  u_dmem/bank2_reg_256_511_7_7/F7.B/O
                         net (fo=1, unplaced)         0.000    10.554    u_dmem/bank2_reg_256_511_7_7/O0
                         MUXF8 (Prop_muxf8_I0_O)      0.098    10.652 r  u_dmem/bank2_reg_256_511_7_7/F8/O
                         net (fo=3, unplaced)         0.629    11.281    u_alu/regs[0][31]_i_18_1
                         LUT5 (Prop_lut5_I3_O)        0.319    11.600 r  u_alu/regs[0][31]_i_30/O
                         net (fo=1, unplaced)         1.111    12.711    u_alu/u_dmem/p_0_in[23]
                         LUT6 (Prop_lut6_I4_O)        0.124    12.835 r  u_alu/regs[0][31]_i_18/O
                         net (fo=1, unplaced)         0.902    13.737    u_alu/regs[0][31]_i_18_n_0
                         LUT6 (Prop_lut6_I2_O)        0.124    13.861 r  u_alu/regs[0][31]_i_12/O
                         net (fo=25, unplaced)        0.514    14.375    u_pc_reg/regs_reg[1][27]_0
                         LUT6 (Prop_lut6_I3_O)        0.124    14.499 r  u_pc_reg/regs[0][9]_i_2/O
                         net (fo=32, unplaced)        0.520    15.019    u_pc_reg/regs[0][9]_i_2_n_0
                         LUT6 (Prop_lut6_I5_O)        0.124    15.143 r  u_pc_reg/regs[0][9]_i_1/O
                         net (fo=1, unplaced)         0.000    15.143    u_reg_file/D[9]
                         FDCE                                         r  u_reg_file/regs_reg[0][9]/D
  -------------------------------------------------------------------    -------------------

                         (clock clk rise edge)       20.000    20.000 r  
                                                      0.000    20.000 r  clk (IN)
                         net (fo=1311, unset)         0.924    20.924    u_reg_file/clk
                         FDCE                                         r  u_reg_file/regs_reg[0][9]/C
                         clock pessimism              0.000    20.924    
                         clock uncertainty           -0.035    20.889    
                         FDCE (Setup_fdce_C_D)        0.029    20.918    u_reg_file/regs_reg[0][9]
  -------------------------------------------------------------------
                         required time                         20.918    
                         arrival time                         -15.143    
  -------------------------------------------------------------------
                         slack                                  5.775    

Slack (MET) :             5.775ns  (required time - arrival time)
  Source:                 u_pc_reg/pc_reg[18]/C
                            (rising edge-triggered cell FDCE clocked by clk  {rise@0.000ns fall@10.000ns period=20.000ns})
  Destination:            u_reg_file/regs_reg[10][10]/D
                            (rising edge-triggered cell FDCE clocked by clk  {rise@0.000ns fall@10.000ns period=20.000ns})
  Path Group:             clk
  Path Type:              Setup (Max at Slow Process Corner)
  Requirement:            20.000ns  (clk rise@20.000ns - clk rise@0.000ns)
  Data Path Delay:        14.170ns  (logic 4.404ns (31.080%)  route 9.766ns (68.920%))
  Logic Levels:           18  (CARRY4=2 LUT3=1 LUT4=1 LUT5=2 LUT6=8 MUXF7=2 MUXF8=1 RAMS64E=1)
  Clock Path Skew:        -0.049ns (DCD - SCD + CPR)
    Destination Clock Delay (DCD):    0.924ns = ( 20.924 - 20.000 ) 
    Source Clock Delay      (SCD):    0.973ns
    Clock Pessimism Removal (CPR):    0.000ns
  Clock Uncertainty:      0.035ns  ((TSJ^2 + TIJ^2)^1/2 + DJ) / 2 + PE
    Total System Jitter     (TSJ):    0.071ns
    Total Input Jitter      (TIJ):    0.000ns
    Discrete Jitter          (DJ):    0.000ns
    Phase Error              (PE):    0.000ns

    Location             Delay type                Incr(ns)  Path(ns)    Netlist Resource(s)
  -------------------------------------------------------------------    -------------------
                         (clock clk rise edge)        0.000     0.000 r  
                                                      0.000     0.000 r  clk (IN)
                         net (fo=1311, unset)         0.973     0.973    u_pc_reg/clk
                         FDCE                                         r  u_pc_reg/pc_reg[18]/C
  -------------------------------------------------------------------    -------------------
                         FDCE (Prop_fdce_C_Q)         0.456     1.429 f  u_pc_reg/pc_reg[18]/Q
                         net (fo=4, unplaced)         0.989     2.418    u_pc_reg/Q[18]
                         LUT6 (Prop_lut6_I0_O)        0.295     2.713 f  u_pc_reg/debug_instr[25]_INST_0_i_3/O
                         net (fo=1, unplaced)         1.111     3.824    u_pc_reg/debug_instr[25]_INST_0_i_3_n_0
                         LUT5 (Prop_lut5_I0_O)        0.124     3.948 f  u_pc_reg/debug_instr[25]_INST_0_i_2/O
                         net (fo=61, unplaced)        0.536     4.484    u_pc_reg/debug_instr[25]_INST_0_i_2_n_0
                         LUT6 (Prop_lut6_I5_O)        0.124     4.608 r  u_pc_reg/debug_instr[24]_INST_0/O
                         net (fo=88, unplaced)        0.545     5.153    u_reg_file/debug_instr[7]
                         LUT6 (Prop_lut6_I4_O)        0.124     5.277 r  u_reg_file/bank0_reg_0_255_1_1_i_9/O
                         net (fo=1, unplaced)         0.000     5.277    u_reg_file/bank0_reg_0_255_1_1_i_9_n_0
                         MUXF7 (Prop_muxf7_I1_O)      0.247     5.524 r  u_reg_file/bank0_reg_0_255_1_1_i_3/O
                         net (fo=1, unplaced)         0.905     6.429    u_reg_file/bank0_reg_0_255_1_1_i_3_n_0
                         LUT6 (Prop_lut6_I1_O)        0.298     6.727 r  u_reg_file/bank0_reg_0_255_1_1_i_1/O
                         net (fo=14, unplaced)        0.500     7.227    u_reg_file/pc_reg[5][1]
                         LUT4 (Prop_lut4_I0_O)        0.124     7.351 r  u_reg_file/result0_carry_i_7/O
                         net (fo=1, unplaced)         0.000     7.351    u_alu/S[1]
                         CARRY4 (Prop_carry4_S[1]_CO[3])
                                                      0.533     7.884 r  u_alu/result0_carry/CO[3]
                         net (fo=1, unplaced)         0.009     7.893    u_alu/result0_carry_n_0
                         CARRY4 (Prop_carry4_CI_O[1])
                                                      0.337     8.230 r  u_alu/result0_carry__0/O[1]
                         net (fo=3, unplaced)         0.629     8.859    u_alu/result0_carry__6_i_7[3]
                         LUT3 (Prop_lut3_I0_O)        0.306     9.165 r  u_alu/debug_alu_result[5]_INST_0/O
                         net (fo=192, unplaced)       0.866    10.031    u_dmem/bank2_reg_256_511_7_7/A3
                         RAMS64E (Prop_rams64e_ADR3_O)
                                                      0.276    10.307 r  u_dmem/bank2_reg_256_511_7_7/RAMS64E_C/O
                         net (fo=1, unplaced)         0.000    10.307    u_dmem/bank2_reg_256_511_7_7/OC
                         MUXF7 (Prop_muxf7_I1_O)      0.247    10.554 r  u_dmem/bank2_reg_256_511_7_7/F7.B/O
                         net (fo=1, unplaced)         0.000    10.554    u_dmem/bank2_reg_256_511_7_7/O0
                         MUXF8 (Prop_muxf8_I0_O)      0.098    10.652 r  u_dmem/bank2_reg_256_511_7_7/F8/O
                         net (fo=3, unplaced)         0.629    11.281    u_alu/regs[0][31]_i_18_1
                         LUT5 (Prop_lut5_I3_O)        0.319    11.600 r  u_alu/regs[0][31]_i_30/O
                         net (fo=1, unplaced)         1.111    12.711    u_alu/u_dmem/p_0_in[23]
                         LUT6 (Prop_lut6_I4_O)        0.124    12.835 r  u_alu/regs[0][31]_i_18/O
                         net (fo=1, unplaced)         0.902    13.737    u_alu/regs[0][31]_i_18_n_0
                         LUT6 (Prop_lut6_I2_O)        0.124    13.861 r  u_alu/regs[0][31]_i_12/O
                         net (fo=25, unplaced)        0.514    14.375    u_pc_reg/regs_reg[1][27]_0
                         LUT6 (Prop_lut6_I3_O)        0.124    14.499 r  u_pc_reg/regs[0][10]_i_2/O
                         net (fo=32, unplaced)        0.520    15.019    u_pc_reg/regs[0][10]_i_2_n_0
                         LUT6 (Prop_lut6_I3_O)        0.124    15.143 r  u_pc_reg/regs[10][10]_i_1/O
                         net (fo=1, unplaced)         0.000    15.143    u_reg_file/regs_reg[10][31]_1[10]
                         FDCE                                         r  u_reg_file/regs_reg[10][10]/D
  -------------------------------------------------------------------    -------------------

                         (clock clk rise edge)       20.000    20.000 r  
                                                      0.000    20.000 r  clk (IN)
                         net (fo=1311, unset)         0.924    20.924    u_reg_file/clk
                         FDCE                                         r  u_reg_file/regs_reg[10][10]/C
                         clock pessimism              0.000    20.924    
                         clock uncertainty           -0.035    20.889    
                         FDCE (Setup_fdce_C_D)        0.029    20.918    u_reg_file/regs_reg[10][10]
  -------------------------------------------------------------------
                         required time                         20.918    
                         arrival time                         -15.143    
  -------------------------------------------------------------------
                         slack                                  5.775    

Slack (MET) :             5.775ns  (required time - arrival time)
  Source:                 u_pc_reg/pc_reg[18]/C
                            (rising edge-triggered cell FDCE clocked by clk  {rise@0.000ns fall@10.000ns period=20.000ns})
  Destination:            u_reg_file/regs_reg[10][14]/D
                            (rising edge-triggered cell FDCE clocked by clk  {rise@0.000ns fall@10.000ns period=20.000ns})
  Path Group:             clk
  Path Type:              Setup (Max at Slow Process Corner)
  Requirement:            20.000ns  (clk rise@20.000ns - clk rise@0.000ns)
  Data Path Delay:        14.170ns  (logic 4.404ns (31.080%)  route 9.766ns (68.920%))
  Logic Levels:           18  (CARRY4=2 LUT3=1 LUT4=1 LUT5=2 LUT6=8 MUXF7=2 MUXF8=1 RAMS64E=1)
  Clock Path Skew:        -0.049ns (DCD - SCD + CPR)
    Destination Clock Delay (DCD):    0.924ns = ( 20.924 - 20.000 ) 
    Source Clock Delay      (SCD):    0.973ns
    Clock Pessimism Removal (CPR):    0.000ns
  Clock Uncertainty:      0.035ns  ((TSJ^2 + TIJ^2)^1/2 + DJ) / 2 + PE
    Total System Jitter     (TSJ):    0.071ns
    Total Input Jitter      (TIJ):    0.000ns
    Discrete Jitter          (DJ):    0.000ns
    Phase Error              (PE):    0.000ns

    Location             Delay type                Incr(ns)  Path(ns)    Netlist Resource(s)
  -------------------------------------------------------------------    -------------------
                         (clock clk rise edge)        0.000     0.000 r  
                                                      0.000     0.000 r  clk (IN)
                         net (fo=1311, unset)         0.973     0.973    u_pc_reg/clk
                         FDCE                                         r  u_pc_reg/pc_reg[18]/C
  -------------------------------------------------------------------    -------------------
                         FDCE (Prop_fdce_C_Q)         0.456     1.429 f  u_pc_reg/pc_reg[18]/Q
                         net (fo=4, unplaced)         0.989     2.418    u_pc_reg/Q[18]
                         LUT6 (Prop_lut6_I0_O)        0.295     2.713 f  u_pc_reg/debug_instr[25]_INST_0_i_3/O
                         net (fo=1, unplaced)         1.111     3.824    u_pc_reg/debug_instr[25]_INST_0_i_3_n_0
                         LUT5 (Prop_lut5_I0_O)        0.124     3.948 f  u_pc_reg/debug_instr[25]_INST_0_i_2/O
                         net (fo=61, unplaced)        0.536     4.484    u_pc_reg/debug_instr[25]_INST_0_i_2_n_0
                         LUT6 (Prop_lut6_I5_O)        0.124     4.608 r  u_pc_reg/debug_instr[24]_INST_0/O
                         net (fo=88, unplaced)        0.545     5.153    u_reg_file/debug_instr[7]
                         LUT6 (Prop_lut6_I4_O)        0.124     5.277 r  u_reg_file/bank0_reg_0_255_1_1_i_9/O
                         net (fo=1, unplaced)         0.000     5.277    u_reg_file/bank0_reg_0_255_1_1_i_9_n_0
                         MUXF7 (Prop_muxf7_I1_O)      0.247     5.524 r  u_reg_file/bank0_reg_0_255_1_1_i_3/O
                         net (fo=1, unplaced)         0.905     6.429    u_reg_file/bank0_reg_0_255_1_1_i_3_n_0
                         LUT6 (Prop_lut6_I1_O)        0.298     6.727 r  u_reg_file/bank0_reg_0_255_1_1_i_1/O
                         net (fo=14, unplaced)        0.500     7.227    u_reg_file/pc_reg[5][1]
                         LUT4 (Prop_lut4_I0_O)        0.124     7.351 r  u_reg_file/result0_carry_i_7/O
                         net (fo=1, unplaced)         0.000     7.351    u_alu/S[1]
                         CARRY4 (Prop_carry4_S[1]_CO[3])
                                                      0.533     7.884 r  u_alu/result0_carry/CO[3]
                         net (fo=1, unplaced)         0.009     7.893    u_alu/result0_carry_n_0
                         CARRY4 (Prop_carry4_CI_O[1])
                                                      0.337     8.230 r  u_alu/result0_carry__0/O[1]
                         net (fo=3, unplaced)         0.629     8.859    u_alu/result0_carry__6_i_7[3]
                         LUT3 (Prop_lut3_I0_O)        0.306     9.165 r  u_alu/debug_alu_result[5]_INST_0/O
                         net (fo=192, unplaced)       0.866    10.031    u_dmem/bank2_reg_256_511_7_7/A3
                         RAMS64E (Prop_rams64e_ADR3_O)
                                                      0.276    10.307 r  u_dmem/bank2_reg_256_511_7_7/RAMS64E_C/O
                         net (fo=1, unplaced)         0.000    10.307    u_dmem/bank2_reg_256_511_7_7/OC
                         MUXF7 (Prop_muxf7_I1_O)      0.247    10.554 r  u_dmem/bank2_reg_256_511_7_7/F7.B/O
                         net (fo=1, unplaced)         0.000    10.554    u_dmem/bank2_reg_256_511_7_7/O0
                         MUXF8 (Prop_muxf8_I0_O)      0.098    10.652 r  u_dmem/bank2_reg_256_511_7_7/F8/O
                         net (fo=3, unplaced)         0.629    11.281    u_alu/regs[0][31]_i_18_1
                         LUT5 (Prop_lut5_I3_O)        0.319    11.600 r  u_alu/regs[0][31]_i_30/O
                         net (fo=1, unplaced)         1.111    12.711    u_alu/u_dmem/p_0_in[23]
                         LUT6 (Prop_lut6_I4_O)        0.124    12.835 r  u_alu/regs[0][31]_i_18/O
                         net (fo=1, unplaced)         0.902    13.737    u_alu/regs[0][31]_i_18_n_0
                         LUT6 (Prop_lut6_I2_O)        0.124    13.861 r  u_alu/regs[0][31]_i_12/O
                         net (fo=25, unplaced)        0.514    14.375    u_pc_reg/regs_reg[1][27]_0
                         LUT6 (Prop_lut6_I3_O)        0.124    14.499 r  u_pc_reg/regs[0][14]_i_2/O
                         net (fo=32, unplaced)        0.520    15.019    u_pc_reg/regs[0][14]_i_2_n_0
                         LUT6 (Prop_lut6_I3_O)        0.124    15.143 r  u_pc_reg/regs[10][14]_i_1/O
                         net (fo=1, unplaced)         0.000    15.143    u_reg_file/regs_reg[10][31]_1[14]
                         FDCE                                         r  u_reg_file/regs_reg[10][14]/D
  -------------------------------------------------------------------    -------------------

                         (clock clk rise edge)       20.000    20.000 r  
                                                      0.000    20.000 r  clk (IN)
                         net (fo=1311, unset)         0.924    20.924    u_reg_file/clk
                         FDCE                                         r  u_reg_file/regs_reg[10][14]/C
                         clock pessimism              0.000    20.924    
                         clock uncertainty           -0.035    20.889    
                         FDCE (Setup_fdce_C_D)        0.029    20.918    u_reg_file/regs_reg[10][14]
  -------------------------------------------------------------------
                         required time                         20.918    
                         arrival time                         -15.143    
  -------------------------------------------------------------------
                         slack                                  5.775    

Slack (MET) :             5.775ns  (required time - arrival time)
  Source:                 u_pc_reg/pc_reg[18]/C
                            (rising edge-triggered cell FDCE clocked by clk  {rise@0.000ns fall@10.000ns period=20.000ns})
  Destination:            u_reg_file/regs_reg[10][31]/D
                            (rising edge-triggered cell FDCE clocked by clk  {rise@0.000ns fall@10.000ns period=20.000ns})
  Path Group:             clk
  Path Type:              Setup (Max at Slow Process Corner)
  Requirement:            20.000ns  (clk rise@20.000ns - clk rise@0.000ns)
  Data Path Delay:        14.170ns  (logic 4.404ns (31.080%)  route 9.766ns (68.920%))
  Logic Levels:           18  (CARRY4=2 LUT3=1 LUT4=1 LUT5=2 LUT6=8 MUXF7=2 MUXF8=1 RAMS64E=1)
  Clock Path Skew:        -0.049ns (DCD - SCD + CPR)
    Destination Clock Delay (DCD):    0.924ns = ( 20.924 - 20.000 ) 
    Source Clock Delay      (SCD):    0.973ns
    Clock Pessimism Removal (CPR):    0.000ns
  Clock Uncertainty:      0.035ns  ((TSJ^2 + TIJ^2)^1/2 + DJ) / 2 + PE
    Total System Jitter     (TSJ):    0.071ns
    Total Input Jitter      (TIJ):    0.000ns
    Discrete Jitter          (DJ):    0.000ns
    Phase Error              (PE):    0.000ns

    Location             Delay type                Incr(ns)  Path(ns)    Netlist Resource(s)
  -------------------------------------------------------------------    -------------------
                         (clock clk rise edge)        0.000     0.000 r  
                                                      0.000     0.000 r  clk (IN)
                         net (fo=1311, unset)         0.973     0.973    u_pc_reg/clk
                         FDCE                                         r  u_pc_reg/pc_reg[18]/C
  -------------------------------------------------------------------    -------------------
                         FDCE (Prop_fdce_C_Q)         0.456     1.429 f  u_pc_reg/pc_reg[18]/Q
                         net (fo=4, unplaced)         0.989     2.418    u_pc_reg/Q[18]
                         LUT6 (Prop_lut6_I0_O)        0.295     2.713 f  u_pc_reg/debug_instr[25]_INST_0_i_3/O
                         net (fo=1, unplaced)         1.111     3.824    u_pc_reg/debug_instr[25]_INST_0_i_3_n_0
                         LUT5 (Prop_lut5_I0_O)        0.124     3.948 f  u_pc_reg/debug_instr[25]_INST_0_i_2/O
                         net (fo=61, unplaced)        0.536     4.484    u_pc_reg/debug_instr[25]_INST_0_i_2_n_0
                         LUT6 (Prop_lut6_I5_O)        0.124     4.608 r  u_pc_reg/debug_instr[24]_INST_0/O
                         net (fo=88, unplaced)        0.545     5.153    u_reg_file/debug_instr[7]
                         LUT6 (Prop_lut6_I4_O)        0.124     5.277 r  u_reg_file/bank0_reg_0_255_1_1_i_9/O
                         net (fo=1, unplaced)         0.000     5.277    u_reg_file/bank0_reg_0_255_1_1_i_9_n_0
                         MUXF7 (Prop_muxf7_I1_O)      0.247     5.524 r  u_reg_file/bank0_reg_0_255_1_1_i_3/O
                         net (fo=1, unplaced)         0.905     6.429    u_reg_file/bank0_reg_0_255_1_1_i_3_n_0
                         LUT6 (Prop_lut6_I1_O)        0.298     6.727 r  u_reg_file/bank0_reg_0_255_1_1_i_1/O
                         net (fo=14, unplaced)        0.500     7.227    u_reg_file/pc_reg[5][1]
                         LUT4 (Prop_lut4_I0_O)        0.124     7.351 r  u_reg_file/result0_carry_i_7/O
                         net (fo=1, unplaced)         0.000     7.351    u_alu/S[1]
                         CARRY4 (Prop_carry4_S[1]_CO[3])
                                                      0.533     7.884 r  u_alu/result0_carry/CO[3]
                         net (fo=1, unplaced)         0.009     7.893    u_alu/result0_carry_n_0
                         CARRY4 (Prop_carry4_CI_O[1])
                                                      0.337     8.230 r  u_alu/result0_carry__0/O[1]
                         net (fo=3, unplaced)         0.629     8.859    u_alu/result0_carry__6_i_7[3]
                         LUT3 (Prop_lut3_I0_O)        0.306     9.165 r  u_alu/debug_alu_result[5]_INST_0/O
                         net (fo=192, unplaced)       0.866    10.031    u_dmem/bank2_reg_256_511_7_7/A3
                         RAMS64E (Prop_rams64e_ADR3_O)
                                                      0.276    10.307 r  u_dmem/bank2_reg_256_511_7_7/RAMS64E_C/O
                         net (fo=1, unplaced)         0.000    10.307    u_dmem/bank2_reg_256_511_7_7/OC
                         MUXF7 (Prop_muxf7_I1_O)      0.247    10.554 r  u_dmem/bank2_reg_256_511_7_7/F7.B/O
                         net (fo=1, unplaced)         0.000    10.554    u_dmem/bank2_reg_256_511_7_7/O0
                         MUXF8 (Prop_muxf8_I0_O)      0.098    10.652 r  u_dmem/bank2_reg_256_511_7_7/F8/O
                         net (fo=3, unplaced)         0.629    11.281    u_alu/regs[0][31]_i_18_1
                         LUT5 (Prop_lut5_I3_O)        0.319    11.600 r  u_alu/regs[0][31]_i_30/O
                         net (fo=1, unplaced)         1.111    12.711    u_alu/u_dmem/p_0_in[23]
                         LUT6 (Prop_lut6_I4_O)        0.124    12.835 r  u_alu/regs[0][31]_i_18/O
                         net (fo=1, unplaced)         0.902    13.737    u_alu/regs[0][31]_i_18_n_0
                         LUT6 (Prop_lut6_I2_O)        0.124    13.861 r  u_alu/regs[0][31]_i_12/O
                         net (fo=25, unplaced)        0.514    14.375    u_pc_reg/regs_reg[1][27]_0
                         LUT6 (Prop_lut6_I3_O)        0.124    14.499 r  u_pc_reg/regs[0][31]_i_8/O
                         net (fo=32, unplaced)        0.520    15.019    u_pc_reg/regs[0][31]_i_8_n_0
                         LUT6 (Prop_lut6_I3_O)        0.124    15.143 r  u_pc_reg/regs[10][31]_i_1/O
                         net (fo=1, unplaced)         0.000    15.143    u_reg_file/regs_reg[10][31]_1[31]
                         FDCE                                         r  u_reg_file/regs_reg[10][31]/D
  -------------------------------------------------------------------    -------------------

                         (clock clk rise edge)       20.000    20.000 r  
                                                      0.000    20.000 r  clk (IN)
                         net (fo=1311, unset)         0.924    20.924    u_reg_file/clk
                         FDCE                                         r  u_reg_file/regs_reg[10][31]/C
                         clock pessimism              0.000    20.924    
                         clock uncertainty           -0.035    20.889    
                         FDCE (Setup_fdce_C_D)        0.029    20.918    u_reg_file/regs_reg[10][31]
  -------------------------------------------------------------------
                         required time                         20.918    
                         arrival time                         -15.143    
  -------------------------------------------------------------------
                         slack                                  5.775    

Slack (MET) :             5.775ns  (required time - arrival time)
  Source:                 u_pc_reg/pc_reg[18]/C
                            (rising edge-triggered cell FDCE clocked by clk  {rise@0.000ns fall@10.000ns period=20.000ns})
  Destination:            u_reg_file/regs_reg[10][7]/D
                            (rising edge-triggered cell FDCE clocked by clk  {rise@0.000ns fall@10.000ns period=20.000ns})
  Path Group:             clk
  Path Type:              Setup (Max at Slow Process Corner)
  Requirement:            20.000ns  (clk rise@20.000ns - clk rise@0.000ns)
  Data Path Delay:        14.170ns  (logic 4.404ns (31.080%)  route 9.766ns (68.920%))
  Logic Levels:           18  (CARRY4=2 LUT3=1 LUT4=1 LUT5=2 LUT6=8 MUXF7=2 MUXF8=1 RAMS64E=1)
  Clock Path Skew:        -0.049ns (DCD - SCD + CPR)
    Destination Clock Delay (DCD):    0.924ns = ( 20.924 - 20.000 ) 
    Source Clock Delay      (SCD):    0.973ns
    Clock Pessimism Removal (CPR):    0.000ns
  Clock Uncertainty:      0.035ns  ((TSJ^2 + TIJ^2)^1/2 + DJ) / 2 + PE
    Total System Jitter     (TSJ):    0.071ns
    Total Input Jitter      (TIJ):    0.000ns
    Discrete Jitter          (DJ):    0.000ns
    Phase Error              (PE):    0.000ns

    Location             Delay type                Incr(ns)  Path(ns)    Netlist Resource(s)
  -------------------------------------------------------------------    -------------------
                         (clock clk rise edge)        0.000     0.000 r  
                                                      0.000     0.000 r  clk (IN)
                         net (fo=1311, unset)         0.973     0.973    u_pc_reg/clk
                         FDCE                                         r  u_pc_reg/pc_reg[18]/C
  -------------------------------------------------------------------    -------------------
                         FDCE (Prop_fdce_C_Q)         0.456     1.429 f  u_pc_reg/pc_reg[18]/Q
                         net (fo=4, unplaced)         0.989     2.418    u_pc_reg/Q[18]
                         LUT6 (Prop_lut6_I0_O)        0.295     2.713 f  u_pc_reg/debug_instr[25]_INST_0_i_3/O
                         net (fo=1, unplaced)         1.111     3.824    u_pc_reg/debug_instr[25]_INST_0_i_3_n_0
                         LUT5 (Prop_lut5_I0_O)        0.124     3.948 f  u_pc_reg/debug_instr[25]_INST_0_i_2/O
                         net (fo=61, unplaced)        0.536     4.484    u_pc_reg/debug_instr[25]_INST_0_i_2_n_0
                         LUT6 (Prop_lut6_I5_O)        0.124     4.608 r  u_pc_reg/debug_instr[24]_INST_0/O
                         net (fo=88, unplaced)        0.545     5.153    u_reg_file/debug_instr[7]
                         LUT6 (Prop_lut6_I4_O)        0.124     5.277 r  u_reg_file/bank0_reg_0_255_1_1_i_9/O
                         net (fo=1, unplaced)         0.000     5.277    u_reg_file/bank0_reg_0_255_1_1_i_9_n_0
                         MUXF7 (Prop_muxf7_I1_O)      0.247     5.524 r  u_reg_file/bank0_reg_0_255_1_1_i_3/O
                         net (fo=1, unplaced)         0.905     6.429    u_reg_file/bank0_reg_0_255_1_1_i_3_n_0
                         LUT6 (Prop_lut6_I1_O)        0.298     6.727 r  u_reg_file/bank0_reg_0_255_1_1_i_1/O
                         net (fo=14, unplaced)        0.500     7.227    u_reg_file/pc_reg[5][1]
                         LUT4 (Prop_lut4_I0_O)        0.124     7.351 r  u_reg_file/result0_carry_i_7/O
                         net (fo=1, unplaced)         0.000     7.351    u_alu/S[1]
                         CARRY4 (Prop_carry4_S[1]_CO[3])
                                                      0.533     7.884 r  u_alu/result0_carry/CO[3]
                         net (fo=1, unplaced)         0.009     7.893    u_alu/result0_carry_n_0
                         CARRY4 (Prop_carry4_CI_O[1])
                                                      0.337     8.230 r  u_alu/result0_carry__0/O[1]
                         net (fo=3, unplaced)         0.629     8.859    u_alu/result0_carry__6_i_7[3]
                         LUT3 (Prop_lut3_I0_O)        0.306     9.165 r  u_alu/debug_alu_result[5]_INST_0/O
                         net (fo=192, unplaced)       0.866    10.031    u_dmem/bank2_reg_256_511_7_7/A3
                         RAMS64E (Prop_rams64e_ADR3_O)
                                                      0.276    10.307 r  u_dmem/bank2_reg_256_511_7_7/RAMS64E_C/O
                         net (fo=1, unplaced)         0.000    10.307    u_dmem/bank2_reg_256_511_7_7/OC
                         MUXF7 (Prop_muxf7_I1_O)      0.247    10.554 r  u_dmem/bank2_reg_256_511_7_7/F7.B/O
                         net (fo=1, unplaced)         0.000    10.554    u_dmem/bank2_reg_256_511_7_7/O0
                         MUXF8 (Prop_muxf8_I0_O)      0.098    10.652 r  u_dmem/bank2_reg_256_511_7_7/F8/O
                         net (fo=3, unplaced)         0.629    11.281    u_alu/regs[0][31]_i_18_1
                         LUT5 (Prop_lut5_I3_O)        0.319    11.600 r  u_alu/regs[0][31]_i_30/O
                         net (fo=1, unplaced)         1.111    12.711    u_alu/u_dmem/p_0_in[23]
                         LUT6 (Prop_lut6_I4_O)        0.124    12.835 r  u_alu/regs[0][31]_i_18/O
                         net (fo=1, unplaced)         0.902    13.737    u_alu/regs[0][31]_i_18_n_0
                         LUT6 (Prop_lut6_I2_O)        0.124    13.861 r  u_alu/regs[0][31]_i_12/O
                         net (fo=25, unplaced)        0.514    14.375    u_pc_reg/regs_reg[1][27]_0
                         LUT6 (Prop_lut6_I4_O)        0.124    14.499 r  u_pc_reg/regs[0][7]_i_2/O
                         net (fo=32, unplaced)        0.520    15.019    u_pc_reg/regs[0][7]_i_2_n_0
                         LUT6 (Prop_lut6_I3_O)        0.124    15.143 r  u_pc_reg/regs[10][7]_i_1/O
                         net (fo=1, unplaced)         0.000    15.143    u_reg_file/regs_reg[10][31]_1[7]
                         FDCE                                         r  u_reg_file/regs_reg[10][7]/D
  -------------------------------------------------------------------    -------------------

                         (clock clk rise edge)       20.000    20.000 r  
                                                      0.000    20.000 r  clk (IN)
                         net (fo=1311, unset)         0.924    20.924    u_reg_file/clk
                         FDCE                                         r  u_reg_file/regs_reg[10][7]/C
                         clock pessimism              0.000    20.924    
                         clock uncertainty           -0.035    20.889    
                         FDCE (Setup_fdce_C_D)        0.029    20.918    u_reg_file/regs_reg[10][7]
  -------------------------------------------------------------------
                         required time                         20.918    
                         arrival time                         -15.143    
  -------------------------------------------------------------------
                         slack                                  5.775    





Min Delay Paths
--------------------------------------------------------------------------------------
Slack (MET) :             0.417ns  (arrival time - required time)
  Source:                 u_pc_reg/pc_reg[0]/C
                            (rising edge-triggered cell FDCE clocked by clk  {rise@0.000ns fall@10.000ns period=20.000ns})
  Destination:            u_pc_reg/pc_reg[0]/D
                            (rising edge-triggered cell FDCE clocked by clk  {rise@0.000ns fall@10.000ns period=20.000ns})
  Path Group:             clk
  Path Type:              Hold (Min at Fast Process Corner)
  Requirement:            0.000ns  (clk rise@0.000ns - clk rise@0.000ns)
  Data Path Delay:        0.530ns  (logic 0.239ns (45.107%)  route 0.291ns (54.893%))
  Logic Levels:           1  (LUT4=1)
  Clock Path Skew:        0.022ns (DCD - SCD - CPR)
    Destination Clock Delay (DCD):    0.432ns
    Source Clock Delay      (SCD):    0.410ns
    Clock Pessimism Removal (CPR):    -0.000ns

    Location             Delay type                Incr(ns)  Path(ns)    Netlist Resource(s)
  -------------------------------------------------------------------    -------------------
                         (clock clk rise edge)        0.000     0.000 r  
                                                      0.000     0.000 r  clk (IN)
                         net (fo=1311, unset)         0.410     0.410    u_pc_reg/clk
                         FDCE                                         r  u_pc_reg/pc_reg[0]/C
  -------------------------------------------------------------------    -------------------
                         FDCE (Prop_fdce_C_Q)         0.141     0.551 r  u_pc_reg/pc_reg[0]/Q
                         net (fo=4, unplaced)         0.291     0.842    u_pc_reg/Q[0]
                         LUT4 (Prop_lut4_I0_O)        0.098     0.940 r  u_pc_reg/pc[0]_i_1/O
                         net (fo=1, unplaced)         0.000     0.940    u_pc_reg/pc_next[0]
                         FDCE                                         r  u_pc_reg/pc_reg[0]/D
  -------------------------------------------------------------------    -------------------

                         (clock clk rise edge)        0.000     0.000 r  
                                                      0.000     0.000 r  clk (IN)
                         net (fo=1311, unset)         0.432     0.432    u_pc_reg/clk
                         FDCE                                         r  u_pc_reg/pc_reg[0]/C
                         clock pessimism              0.000     0.432    
                         FDCE (Hold_fdce_C_D)         0.091     0.523    u_pc_reg/pc_reg[0]
  -------------------------------------------------------------------
                         required time                         -0.523    
                         arrival time                           0.940    
  -------------------------------------------------------------------
                         slack                                  0.417    

Slack (MET) :             0.443ns  (arrival time - required time)
  Source:                 u_reg_file/regs_reg[16][0]/C
                            (rising edge-triggered cell FDCE clocked by clk  {rise@0.000ns fall@10.000ns period=20.000ns})
  Destination:            u_reg_file/regs_reg[16][0]/D
                            (rising edge-triggered cell FDCE clocked by clk  {rise@0.000ns fall@10.000ns period=20.000ns})
  Path Group:             clk
  Path Type:              Hold (Min at Fast Process Corner)
  Requirement:            0.000ns  (clk rise@0.000ns - clk rise@0.000ns)
  Data Path Delay:        0.556ns  (logic 0.239ns (42.987%)  route 0.317ns (57.013%))
  Logic Levels:           1  (LUT3=1)
  Clock Path Skew:        0.022ns (DCD - SCD - CPR)
    Destination Clock Delay (DCD):    0.432ns
    Source Clock Delay      (SCD):    0.410ns
    Clock Pessimism Removal (CPR):    -0.000ns

    Location             Delay type                Incr(ns)  Path(ns)    Netlist Resource(s)
  -------------------------------------------------------------------    -------------------
                         (clock clk rise edge)        0.000     0.000 r  
                                                      0.000     0.000 r  clk (IN)
                         net (fo=1311, unset)         0.410     0.410    u_reg_file/clk
                         FDCE                                         r  u_reg_file/regs_reg[16][0]/C
  -------------------------------------------------------------------    -------------------
                         FDCE (Prop_fdce_C_Q)         0.141     0.551 r  u_reg_file/regs_reg[16][0]/Q
                         net (fo=2, unplaced)         0.317     0.868    u_pc_reg/regs_reg[16][31]_0[0]
                         LUT3 (Prop_lut3_I2_O)        0.098     0.966 r  u_pc_reg/regs[16][0]_i_1/O
                         net (fo=1, unplaced)         0.000     0.966    u_reg_file/regs_reg[16][31]_1[0]
                         FDCE                                         r  u_reg_file/regs_reg[16][0]/D
  -------------------------------------------------------------------    -------------------

                         (clock clk rise edge)        0.000     0.000 r  
                                                      0.000     0.000 r  clk (IN)
                         net (fo=1311, unset)         0.432     0.432    u_reg_file/clk
                         FDCE                                         r  u_reg_file/regs_reg[16][0]/C
                         clock pessimism              0.000     0.432    
                         FDCE (Hold_fdce_C_D)         0.091     0.523    u_reg_file/regs_reg[16][0]
  -------------------------------------------------------------------
                         required time                         -0.523    
                         arrival time                           0.966    
  -------------------------------------------------------------------
                         slack                                  0.443    

Slack (MET) :             0.443ns  (arrival time - required time)
  Source:                 u_reg_file/regs_reg[16][10]/C
                            (rising edge-triggered cell FDCE clocked by clk  {rise@0.000ns fall@10.000ns period=20.000ns})
  Destination:            u_reg_file/regs_reg[16][10]/D
                            (rising edge-triggered cell FDCE clocked by clk  {rise@0.000ns fall@10.000ns period=20.000ns})
  Path Group:             clk
  Path Type:              Hold (Min at Fast Process Corner)
  Requirement:            0.000ns  (clk rise@0.000ns - clk rise@0.000ns)
  Data Path Delay:        0.556ns  (logic 0.239ns (42.987%)  route 0.317ns (57.013%))
  Logic Levels:           1  (LUT3=1)
  Clock Path Skew:        0.022ns (DCD - SCD - CPR)
    Destination Clock Delay (DCD):    0.432ns
    Source Clock Delay      (SCD):    0.410ns
    Clock Pessimism Removal (CPR):    -0.000ns

    Location             Delay type                Incr(ns)  Path(ns)    Netlist Resource(s)
  -------------------------------------------------------------------    -------------------
                         (clock clk rise edge)        0.000     0.000 r  
                                                      0.000     0.000 r  clk (IN)
                         net (fo=1311, unset)         0.410     0.410    u_reg_file/clk
                         FDCE                                         r  u_reg_file/regs_reg[16][10]/C
  -------------------------------------------------------------------    -------------------
                         FDCE (Prop_fdce_C_Q)         0.141     0.551 r  u_reg_file/regs_reg[16][10]/Q
                         net (fo=2, unplaced)         0.317     0.868    u_pc_reg/regs_reg[16][31]_0[6]
                         LUT3 (Prop_lut3_I2_O)        0.098     0.966 r  u_pc_reg/regs[16][10]_i_1/O
                         net (fo=1, unplaced)         0.000     0.966    u_reg_file/regs_reg[16][31]_1[10]
                         FDCE                                         r  u_reg_file/regs_reg[16][10]/D
  -------------------------------------------------------------------    -------------------

                         (clock clk rise edge)        0.000     0.000 r  
                                                      0.000     0.000 r  clk (IN)
                         net (fo=1311, unset)         0.432     0.432    u_reg_file/clk
                         FDCE                                         r  u_reg_file/regs_reg[16][10]/C
                         clock pessimism              0.000     0.432    
                         FDCE (Hold_fdce_C_D)         0.091     0.523    u_reg_file/regs_reg[16][10]
  -------------------------------------------------------------------
                         required time                         -0.523    
                         arrival time                           0.966    
  -------------------------------------------------------------------
                         slack                                  0.443    

Slack (MET) :             0.443ns  (arrival time - required time)
  Source:                 u_reg_file/regs_reg[16][11]/C
                            (rising edge-triggered cell FDCE clocked by clk  {rise@0.000ns fall@10.000ns period=20.000ns})
  Destination:            u_reg_file/regs_reg[16][11]/D
                            (rising edge-triggered cell FDCE clocked by clk  {rise@0.000ns fall@10.000ns period=20.000ns})
  Path Group:             clk
  Path Type:              Hold (Min at Fast Process Corner)
  Requirement:            0.000ns  (clk rise@0.000ns - clk rise@0.000ns)
  Data Path Delay:        0.556ns  (logic 0.239ns (42.987%)  route 0.317ns (57.013%))
  Logic Levels:           1  (LUT3=1)
  Clock Path Skew:        0.022ns (DCD - SCD - CPR)
    Destination Clock Delay (DCD):    0.432ns
    Source Clock Delay      (SCD):    0.410ns
    Clock Pessimism Removal (CPR):    -0.000ns

    Location             Delay type                Incr(ns)  Path(ns)    Netlist Resource(s)
  -------------------------------------------------------------------    -------------------
                         (clock clk rise edge)        0.000     0.000 r  
                                                      0.000     0.000 r  clk (IN)
                         net (fo=1311, unset)         0.410     0.410    u_reg_file/clk
                         FDCE                                         r  u_reg_file/regs_reg[16][11]/C
  -------------------------------------------------------------------    -------------------
                         FDCE (Prop_fdce_C_Q)         0.141     0.551 r  u_reg_file/regs_reg[16][11]/Q
                         net (fo=2, unplaced)         0.317     0.868    u_pc_reg/regs_reg[16][31]_0[7]
                         LUT3 (Prop_lut3_I2_O)        0.098     0.966 r  u_pc_reg/regs[16][11]_i_1/O
                         net (fo=1, unplaced)         0.000     0.966    u_reg_file/regs_reg[16][31]_1[11]
                         FDCE                                         r  u_reg_file/regs_reg[16][11]/D
  -------------------------------------------------------------------    -------------------

                         (clock clk rise edge)        0.000     0.000 r  
                                                      0.000     0.000 r  clk (IN)
                         net (fo=1311, unset)         0.432     0.432    u_reg_file/clk
                         FDCE                                         r  u_reg_file/regs_reg[16][11]/C
                         clock pessimism              0.000     0.432    
                         FDCE (Hold_fdce_C_D)         0.091     0.523    u_reg_file/regs_reg[16][11]
  -------------------------------------------------------------------
                         required time                         -0.523    
                         arrival time                           0.966    
  -------------------------------------------------------------------
                         slack                                  0.443    

Slack (MET) :             0.443ns  (arrival time - required time)
  Source:                 u_reg_file/regs_reg[16][12]/C
                            (rising edge-triggered cell FDCE clocked by clk  {rise@0.000ns fall@10.000ns period=20.000ns})
  Destination:            u_reg_file/regs_reg[16][12]/D
                            (rising edge-triggered cell FDCE clocked by clk  {rise@0.000ns fall@10.000ns period=20.000ns})
  Path Group:             clk
  Path Type:              Hold (Min at Fast Process Corner)
  Requirement:            0.000ns  (clk rise@0.000ns - clk rise@0.000ns)
  Data Path Delay:        0.556ns  (logic 0.239ns (42.987%)  route 0.317ns (57.013%))
  Logic Levels:           1  (LUT3=1)
  Clock Path Skew:        0.022ns (DCD - SCD - CPR)
    Destination Clock Delay (DCD):    0.432ns
    Source Clock Delay      (SCD):    0.410ns
    Clock Pessimism Removal (CPR):    -0.000ns

    Location             Delay type                Incr(ns)  Path(ns)    Netlist Resource(s)
  -------------------------------------------------------------------    -------------------
                         (clock clk rise edge)        0.000     0.000 r  
                                                      0.000     0.000 r  clk (IN)
                         net (fo=1311, unset)         0.410     0.410    u_reg_file/clk
                         FDCE                                         r  u_reg_file/regs_reg[16][12]/C
  -------------------------------------------------------------------    -------------------
                         FDCE (Prop_fdce_C_Q)         0.141     0.551 r  u_reg_file/regs_reg[16][12]/Q
                         net (fo=2, unplaced)         0.317     0.868    u_pc_reg/regs_reg[16][31]_0[8]
                         LUT3 (Prop_lut3_I2_O)        0.098     0.966 r  u_pc_reg/regs[16][12]_i_1/O
                         net (fo=1, unplaced)         0.000     0.966    u_reg_file/regs_reg[16][31]_1[12]
                         FDCE                                         r  u_reg_file/regs_reg[16][12]/D
  -------------------------------------------------------------------    -------------------

                         (clock clk rise edge)        0.000     0.000 r  
                                                      0.000     0.000 r  clk (IN)
                         net (fo=1311, unset)         0.432     0.432    u_reg_file/clk
                         FDCE                                         r  u_reg_file/regs_reg[16][12]/C
                         clock pessimism              0.000     0.432    
                         FDCE (Hold_fdce_C_D)         0.091     0.523    u_reg_file/regs_reg[16][12]
  -------------------------------------------------------------------
                         required time                         -0.523    
                         arrival time                           0.966    
  -------------------------------------------------------------------
                         slack                                  0.443    

Slack (MET) :             0.443ns  (arrival time - required time)
  Source:                 u_reg_file/regs_reg[16][13]/C
                            (rising edge-triggered cell FDCE clocked by clk  {rise@0.000ns fall@10.000ns period=20.000ns})
  Destination:            u_reg_file/regs_reg[16][13]/D
                            (rising edge-triggered cell FDCE clocked by clk  {rise@0.000ns fall@10.000ns period=20.000ns})
  Path Group:             clk
  Path Type:              Hold (Min at Fast Process Corner)
  Requirement:            0.000ns  (clk rise@0.000ns - clk rise@0.000ns)
  Data Path Delay:        0.556ns  (logic 0.239ns (42.987%)  route 0.317ns (57.013%))
  Logic Levels:           1  (LUT3=1)
  Clock Path Skew:        0.022ns (DCD - SCD - CPR)
    Destination Clock Delay (DCD):    0.432ns
    Source Clock Delay      (SCD):    0.410ns
    Clock Pessimism Removal (CPR):    -0.000ns

    Location             Delay type                Incr(ns)  Path(ns)    Netlist Resource(s)
  -------------------------------------------------------------------    -------------------
                         (clock clk rise edge)        0.000     0.000 r  
                                                      0.000     0.000 r  clk (IN)
                         net (fo=1311, unset)         0.410     0.410    u_reg_file/clk
                         FDCE                                         r  u_reg_file/regs_reg[16][13]/C
  -------------------------------------------------------------------    -------------------
                         FDCE (Prop_fdce_C_Q)         0.141     0.551 r  u_reg_file/regs_reg[16][13]/Q
                         net (fo=2, unplaced)         0.317     0.868    u_pc_reg/regs_reg[16][31]_0[9]
                         LUT3 (Prop_lut3_I2_O)        0.098     0.966 r  u_pc_reg/regs[16][13]_i_1/O
                         net (fo=1, unplaced)         0.000     0.966    u_reg_file/regs_reg[16][31]_1[13]
                         FDCE                                         r  u_reg_file/regs_reg[16][13]/D
  -------------------------------------------------------------------    -------------------

                         (clock clk rise edge)        0.000     0.000 r  
                                                      0.000     0.000 r  clk (IN)
                         net (fo=1311, unset)         0.432     0.432    u_reg_file/clk
                         FDCE                                         r  u_reg_file/regs_reg[16][13]/C
                         clock pessimism              0.000     0.432    
                         FDCE (Hold_fdce_C_D)         0.091     0.523    u_reg_file/regs_reg[16][13]
  -------------------------------------------------------------------
                         required time                         -0.523    
                         arrival time                           0.966    
  -------------------------------------------------------------------
                         slack                                  0.443    

Slack (MET) :             0.443ns  (arrival time - required time)
  Source:                 u_reg_file/regs_reg[16][14]/C
                            (rising edge-triggered cell FDCE clocked by clk  {rise@0.000ns fall@10.000ns period=20.000ns})
  Destination:            u_reg_file/regs_reg[16][14]/D
                            (rising edge-triggered cell FDCE clocked by clk  {rise@0.000ns fall@10.000ns period=20.000ns})
  Path Group:             clk
  Path Type:              Hold (Min at Fast Process Corner)
  Requirement:            0.000ns  (clk rise@0.000ns - clk rise@0.000ns)
  Data Path Delay:        0.556ns  (logic 0.239ns (42.987%)  route 0.317ns (57.013%))
  Logic Levels:           1  (LUT3=1)
  Clock Path Skew:        0.022ns (DCD - SCD - CPR)
    Destination Clock Delay (DCD):    0.432ns
    Source Clock Delay      (SCD):    0.410ns
    Clock Pessimism Removal (CPR):    -0.000ns

    Location             Delay type                Incr(ns)  Path(ns)    Netlist Resource(s)
  -------------------------------------------------------------------    -------------------
                         (clock clk rise edge)        0.000     0.000 r  
                                                      0.000     0.000 r  clk (IN)
                         net (fo=1311, unset)         0.410     0.410    u_reg_file/clk
                         FDCE                                         r  u_reg_file/regs_reg[16][14]/C
  -------------------------------------------------------------------    -------------------
                         FDCE (Prop_fdce_C_Q)         0.141     0.551 r  u_reg_file/regs_reg[16][14]/Q
                         net (fo=2, unplaced)         0.317     0.868    u_pc_reg/regs_reg[16][31]_0[10]
                         LUT3 (Prop_lut3_I2_O)        0.098     0.966 r  u_pc_reg/regs[16][14]_i_1/O
                         net (fo=1, unplaced)         0.000     0.966    u_reg_file/regs_reg[16][31]_1[14]
                         FDCE                                         r  u_reg_file/regs_reg[16][14]/D
  -------------------------------------------------------------------    -------------------

                         (clock clk rise edge)        0.000     0.000 r  
                                                      0.000     0.000 r  clk (IN)
                         net (fo=1311, unset)         0.432     0.432    u_reg_file/clk
                         FDCE                                         r  u_reg_file/regs_reg[16][14]/C
                         clock pessimism              0.000     0.432    
                         FDCE (Hold_fdce_C_D)         0.091     0.523    u_reg_file/regs_reg[16][14]
  -------------------------------------------------------------------
                         required time                         -0.523    
                         arrival time                           0.966    
  -------------------------------------------------------------------
                         slack                                  0.443    

Slack (MET) :             0.443ns  (arrival time - required time)
  Source:                 u_reg_file/regs_reg[16][15]/C
                            (rising edge-triggered cell FDCE clocked by clk  {rise@0.000ns fall@10.000ns period=20.000ns})
  Destination:            u_reg_file/regs_reg[16][15]/D
                            (rising edge-triggered cell FDCE clocked by clk  {rise@0.000ns fall@10.000ns period=20.000ns})
  Path Group:             clk
  Path Type:              Hold (Min at Fast Process Corner)
  Requirement:            0.000ns  (clk rise@0.000ns - clk rise@0.000ns)
  Data Path Delay:        0.556ns  (logic 0.239ns (42.987%)  route 0.317ns (57.013%))
  Logic Levels:           1  (LUT3=1)
  Clock Path Skew:        0.022ns (DCD - SCD - CPR)
    Destination Clock Delay (DCD):    0.432ns
    Source Clock Delay      (SCD):    0.410ns
    Clock Pessimism Removal (CPR):    -0.000ns

    Location             Delay type                Incr(ns)  Path(ns)    Netlist Resource(s)
  -------------------------------------------------------------------    -------------------
                         (clock clk rise edge)        0.000     0.000 r  
                                                      0.000     0.000 r  clk (IN)
                         net (fo=1311, unset)         0.410     0.410    u_reg_file/clk
                         FDCE                                         r  u_reg_file/regs_reg[16][15]/C
  -------------------------------------------------------------------    -------------------
                         FDCE (Prop_fdce_C_Q)         0.141     0.551 r  u_reg_file/regs_reg[16][15]/Q
                         net (fo=2, unplaced)         0.317     0.868    u_pc_reg/regs_reg[16][31]_0[11]
                         LUT3 (Prop_lut3_I2_O)        0.098     0.966 r  u_pc_reg/regs[16][15]_i_1/O
                         net (fo=1, unplaced)         0.000     0.966    u_reg_file/regs_reg[16][31]_1[15]
                         FDCE                                         r  u_reg_file/regs_reg[16][15]/D
  -------------------------------------------------------------------    -------------------

                         (clock clk rise edge)        0.000     0.000 r  
                                                      0.000     0.000 r  clk (IN)
                         net (fo=1311, unset)         0.432     0.432    u_reg_file/clk
                         FDCE                                         r  u_reg_file/regs_reg[16][15]/C
                         clock pessimism              0.000     0.432    
                         FDCE (Hold_fdce_C_D)         0.091     0.523    u_reg_file/regs_reg[16][15]
  -------------------------------------------------------------------
                         required time                         -0.523    
                         arrival time                           0.966    
  -------------------------------------------------------------------
                         slack                                  0.443    

Slack (MET) :             0.443ns  (arrival time - required time)
  Source:                 u_reg_file/regs_reg[16][16]/C
                            (rising edge-triggered cell FDCE clocked by clk  {rise@0.000ns fall@10.000ns period=20.000ns})
  Destination:            u_reg_file/regs_reg[16][16]/D
                            (rising edge-triggered cell FDCE clocked by clk  {rise@0.000ns fall@10.000ns period=20.000ns})
  Path Group:             clk
  Path Type:              Hold (Min at Fast Process Corner)
  Requirement:            0.000ns  (clk rise@0.000ns - clk rise@0.000ns)
  Data Path Delay:        0.556ns  (logic 0.239ns (42.987%)  route 0.317ns (57.013%))
  Logic Levels:           1  (LUT3=1)
  Clock Path Skew:        0.022ns (DCD - SCD - CPR)
    Destination Clock Delay (DCD):    0.432ns
    Source Clock Delay      (SCD):    0.410ns
    Clock Pessimism Removal (CPR):    -0.000ns

    Location             Delay type                Incr(ns)  Path(ns)    Netlist Resource(s)
  -------------------------------------------------------------------    -------------------
                         (clock clk rise edge)        0.000     0.000 r  
                                                      0.000     0.000 r  clk (IN)
                         net (fo=1311, unset)         0.410     0.410    u_reg_file/clk
                         FDCE                                         r  u_reg_file/regs_reg[16][16]/C
  -------------------------------------------------------------------    -------------------
                         FDCE (Prop_fdce_C_Q)         0.141     0.551 r  u_reg_file/regs_reg[16][16]/Q
                         net (fo=2, unplaced)         0.317     0.868    u_pc_reg/regs_reg[16][31]_0[12]
                         LUT3 (Prop_lut3_I2_O)        0.098     0.966 r  u_pc_reg/regs[16][16]_i_1/O
                         net (fo=1, unplaced)         0.000     0.966    u_reg_file/regs_reg[16][31]_1[16]
                         FDCE                                         r  u_reg_file/regs_reg[16][16]/D
  -------------------------------------------------------------------    -------------------

                         (clock clk rise edge)        0.000     0.000 r  
                                                      0.000     0.000 r  clk (IN)
                         net (fo=1311, unset)         0.432     0.432    u_reg_file/clk
                         FDCE                                         r  u_reg_file/regs_reg[16][16]/C
                         clock pessimism              0.000     0.432    
                         FDCE (Hold_fdce_C_D)         0.091     0.523    u_reg_file/regs_reg[16][16]
  -------------------------------------------------------------------
                         required time                         -0.523    
                         arrival time                           0.966    
  -------------------------------------------------------------------
                         slack                                  0.443    

Slack (MET) :             0.443ns  (arrival time - required time)
  Source:                 u_reg_file/regs_reg[16][17]/C
                            (rising edge-triggered cell FDCE clocked by clk  {rise@0.000ns fall@10.000ns period=20.000ns})
  Destination:            u_reg_file/regs_reg[16][17]/D
                            (rising edge-triggered cell FDCE clocked by clk  {rise@0.000ns fall@10.000ns period=20.000ns})
  Path Group:             clk
  Path Type:              Hold (Min at Fast Process Corner)
  Requirement:            0.000ns  (clk rise@0.000ns - clk rise@0.000ns)
  Data Path Delay:        0.556ns  (logic 0.239ns (42.987%)  route 0.317ns (57.013%))
  Logic Levels:           1  (LUT3=1)
  Clock Path Skew:        0.022ns (DCD - SCD - CPR)
    Destination Clock Delay (DCD):    0.432ns
    Source Clock Delay      (SCD):    0.410ns
    Clock Pessimism Removal (CPR):    -0.000ns

    Location             Delay type                Incr(ns)  Path(ns)    Netlist Resource(s)
  -------------------------------------------------------------------    -------------------
                         (clock clk rise edge)        0.000     0.000 r  
                                                      0.000     0.000 r  clk (IN)
                         net (fo=1311, unset)         0.410     0.410    u_reg_file/clk
                         FDCE                                         r  u_reg_file/regs_reg[16][17]/C
  -------------------------------------------------------------------    -------------------
                         FDCE (Prop_fdce_C_Q)         0.141     0.551 r  u_reg_file/regs_reg[16][17]/Q
                         net (fo=2, unplaced)         0.317     0.868    u_pc_reg/regs_reg[16][31]_0[13]
                         LUT3 (Prop_lut3_I2_O)        0.098     0.966 r  u_pc_reg/regs[16][17]_i_1/O
                         net (fo=1, unplaced)         0.000     0.966    u_reg_file/regs_reg[16][31]_1[17]
                         FDCE                                         r  u_reg_file/regs_reg[16][17]/D
  -------------------------------------------------------------------    -------------------

                         (clock clk rise edge)        0.000     0.000 r  
                                                      0.000     0.000 r  clk (IN)
                         net (fo=1311, unset)         0.432     0.432    u_reg_file/clk
                         FDCE                                         r  u_reg_file/regs_reg[16][17]/C
                         clock pessimism              0.000     0.432    
                         FDCE (Hold_fdce_C_D)         0.091     0.523    u_reg_file/regs_reg[16][17]
  -------------------------------------------------------------------
                         required time                         -0.523    
                         arrival time                           0.966    
  -------------------------------------------------------------------
                         slack                                  0.443    





Pulse Width Checks
--------------------------------------------------------------------------------------
Clock Name:         clk
Waveform(ns):       { 0.000 10.000 }
Period(ns):         20.000
Sources:            { clk }

Check Type        Corner  Lib Pin      Reference Pin  Required(ns)  Actual(ns)  Slack(ns)  Location  Pin
Min Period        n/a     FDCE/C       n/a            1.000         20.000      19.000               u_pc_reg/pc_reg[0]/C
Min Period        n/a     FDCE/C       n/a            1.000         20.000      19.000               u_pc_reg/pc_reg[10]/C
Min Period        n/a     FDCE/C       n/a            1.000         20.000      19.000               u_pc_reg/pc_reg[11]/C
Min Period        n/a     FDCE/C       n/a            1.000         20.000      19.000               u_pc_reg/pc_reg[12]/C
Min Period        n/a     FDCE/C       n/a            1.000         20.000      19.000               u_pc_reg/pc_reg[13]/C
Min Period        n/a     FDCE/C       n/a            1.000         20.000      19.000               u_pc_reg/pc_reg[14]/C
Min Period        n/a     FDCE/C       n/a            1.000         20.000      19.000               u_pc_reg/pc_reg[15]/C
Min Period        n/a     FDCE/C       n/a            1.000         20.000      19.000               u_pc_reg/pc_reg[16]/C
Min Period        n/a     FDCE/C       n/a            1.000         20.000      19.000               u_pc_reg/pc_reg[17]/C
Min Period        n/a     FDCE/C       n/a            1.000         20.000      19.000               u_pc_reg/pc_reg[18]/C
Low Pulse Width   Slow    RAMS64E/CLK  n/a            1.250         10.000      8.750                u_dmem/bank0_reg_0_255_0_0/RAMS64E_A/CLK
Low Pulse Width   Fast    RAMS64E/CLK  n/a            1.250         10.000      8.750                u_dmem/bank0_reg_0_255_0_0/RAMS64E_A/CLK
Low Pulse Width   Slow    RAMS64E/CLK  n/a            1.250         10.000      8.750                u_dmem/bank0_reg_0_255_0_0/RAMS64E_B/CLK
Low Pulse Width   Fast    RAMS64E/CLK  n/a            1.250         10.000      8.750                u_dmem/bank0_reg_0_255_0_0/RAMS64E_B/CLK
Low Pulse Width   Slow    RAMS64E/CLK  n/a            1.250         10.000      8.750                u_dmem/bank0_reg_0_255_0_0/RAMS64E_C/CLK
Low Pulse Width   Fast    RAMS64E/CLK  n/a            1.250         10.000      8.750                u_dmem/bank0_reg_0_255_0_0/RAMS64E_C/CLK
Low Pulse Width   Slow    RAMS64E/CLK  n/a            1.250         10.000      8.750                u_dmem/bank0_reg_0_255_0_0/RAMS64E_D/CLK
Low Pulse Width   Fast    RAMS64E/CLK  n/a            1.250         10.000      8.750                u_dmem/bank0_reg_0_255_0_0/RAMS64E_D/CLK
Low Pulse Width   Slow    RAMS64E/CLK  n/a            1.250         10.000      8.750                u_dmem/bank0_reg_0_255_1_1/RAMS64E_A/CLK
Low Pulse Width   Fast    RAMS64E/CLK  n/a            1.250         10.000      8.750                u_dmem/bank0_reg_0_255_1_1/RAMS64E_A/CLK
High Pulse Width  Slow    RAMS64E/CLK  n/a            1.250         10.000      8.750                u_dmem/bank0_reg_0_255_0_0/RAMS64E_A/CLK
High Pulse Width  Fast    RAMS64E/CLK  n/a            1.250         10.000      8.750                u_dmem/bank0_reg_0_255_0_0/RAMS64E_A/CLK
High Pulse Width  Slow    RAMS64E/CLK  n/a            1.250         10.000      8.750                u_dmem/bank0_reg_0_255_0_0/RAMS64E_B/CLK
High Pulse Width  Fast    RAMS64E/CLK  n/a            1.250         10.000      8.750                u_dmem/bank0_reg_0_255_0_0/RAMS64E_B/CLK
High Pulse Width  Slow    RAMS64E/CLK  n/a            1.250         10.000      8.750                u_dmem/bank0_reg_0_255_0_0/RAMS64E_C/CLK
High Pulse Width  Fast    RAMS64E/CLK  n/a            1.250         10.000      8.750                u_dmem/bank0_reg_0_255_0_0/RAMS64E_C/CLK
High Pulse Width  Slow    RAMS64E/CLK  n/a            1.250         10.000      8.750                u_dmem/bank0_reg_0_255_0_0/RAMS64E_D/CLK
High Pulse Width  Fast    RAMS64E/CLK  n/a            1.250         10.000      8.750                u_dmem/bank0_reg_0_255_0_0/RAMS64E_D/CLK
High Pulse Width  Slow    RAMS64E/CLK  n/a            1.250         10.000      8.750                u_dmem/bank0_reg_0_255_1_1/RAMS64E_A/CLK
High Pulse Width  Fast    RAMS64E/CLK  n/a            1.250         10.000      8.750                u_dmem/bank0_reg_0_255_1_1/RAMS64E_A/CLK



